INSERT INTO `roles` (`ROL`) VALUES ('ROLE_ADMIN');
INSERT INTO `roles` (`ROL`) VALUES ('ROLE_SUPER');

INSERT INTO `usuarios_sistema` (`NOMBRE_USUARIO`, `CUENTA_SINEXPIRAR`, `CUENTA_SINBLOQUEAR`, `DESCRIPCION`, `FECHA_REGISTRO`, `USUARIO_REGISTRO`, `CREDENCIAL_SINEXPIRAR`, `CORREO_ELECTRONICO`, `HABILITADO`, `FECHA_ULTACC`, `FECHA_ULTMODCRED`, `FECHA_ULTMOD`, `USUARIO_ULTMOD`, `CONTRASENA`) VALUES ('admin', '', '', 'Administrador', '2017-06-08 08:31:00', 'admin', '', 'admincndr@minsa.gob.ni', '', '2017-06-08 10:05:40', NULL, '2017-06-08 17:58:06', 'admin', '6c36dc262b0e44be5811c2296669fc65643aec9dcaa4a76501e0a9508b633fd01ee59a207f8c6d68');
INSERT INTO `usuarios_roles` (`ROL`, `NOMBRE_USUARIO`, `PASIVO`, `FECHA_REGISTRO`, `USUARIO_REGISTRO`, `ESTADO`) VALUES ('ROLE_ADMIN', 'admin', '0', '2016-06-07 10:47:12', 'admin', '1');

INSERT INTO `estudios` (`CODIGO`, `IDENTIFICADOR_EQUIPO`, `ESTADO`, `PASIVO`, `FECHA_REGISTRO`, `USUARIO_REGISTRO`, `NOMBRE`) VALUES ('1', 'server', '1', '0', '2017-05-23', 'admin', 'Estudio Cohorte Familia');
INSERT INTO `estudios_ics`.`estudios` (`CODIGO`, `ESTADO`, `PASIVO`, `NOMBRE`) VALUES (2, '0', '0', 'Seroprevalencia Arbovirus');
INSERT INTO `estudios_ics`.`estudios` (`CODIGO`, `ESTADO`, `PASIVO`, `NOMBRE`) VALUES (3, '0', '0', 'Cohorte Pediátrica Dengue');
INSERT INTO `estudios_ics`.`estudios` (`CODIGO`, `ESTADO`, `PASIVO`, `NOMBRE`) VALUES (4, '0', '0', 'Cohorte Pediátrica Influenza');

INSERT INTO `barrios` (`CODIGO`, `IDENTIFICADOR_EQUIPO`, `ESTADO`, `PASIVO`, `FECHA_REGISTRO`, `USUARIO_REGISTRO`, `NOMBRE`) VALUES (1, NULL, '0', '0', NULL, NULL, 'Monseñor Lezcano');
INSERT INTO `barrios` (`CODIGO`, `IDENTIFICADOR_EQUIPO`, `ESTADO`, `PASIVO`, `FECHA_REGISTRO`, `USUARIO_REGISTRO`, `NOMBRE`) VALUES (2, NULL, '0', '0', NULL, NULL, 'Cuba');
INSERT INTO `barrios` (`CODIGO`, `IDENTIFICADOR_EQUIPO`, `ESTADO`, `PASIVO`, `FECHA_REGISTRO`, `USUARIO_REGISTRO`, `NOMBRE`) VALUES (3, NULL, '0', '0', NULL, NULL, 'Santa Ana Sur');
INSERT INTO `barrios` (`CODIGO`, `IDENTIFICADOR_EQUIPO`, `ESTADO`, `PASIVO`, `FECHA_REGISTRO`, `USUARIO_REGISTRO`, `NOMBRE`) VALUES (4, NULL, '0', '0', NULL, NULL, 'Santa Ana Norte');
INSERT INTO `barrios` (`CODIGO`, `IDENTIFICADOR_EQUIPO`, `ESTADO`, `PASIVO`, `FECHA_REGISTRO`, `USUARIO_REGISTRO`, `NOMBRE`) VALUES (5, NULL, '0', '0', NULL, NULL, 'La Cruz');
INSERT INTO `barrios` (`CODIGO`, `IDENTIFICADOR_EQUIPO`, `ESTADO`, `PASIVO`, `FECHA_REGISTRO`, `USUARIO_REGISTRO`, `NOMBRE`) VALUES (6, NULL, '0', '0', NULL, NULL, 'Cristo del Rosario');
INSERT INTO `barrios` (`CODIGO`, `IDENTIFICADOR_EQUIPO`, `ESTADO`, `PASIVO`, `FECHA_REGISTRO`, `USUARIO_REGISTRO`, `NOMBRE`) VALUES (7, NULL, '0', '0', NULL, NULL, 'San Sebastián');
INSERT INTO `barrios` (`CODIGO`, `IDENTIFICADOR_EQUIPO`, `ESTADO`, `PASIVO`, `FECHA_REGISTRO`, `USUARIO_REGISTRO`, `NOMBRE`) VALUES (8, NULL, '0', '0', NULL, NULL, 'San Antonio');
INSERT INTO `barrios` (`CODIGO`, `IDENTIFICADOR_EQUIPO`, `ESTADO`, `PASIVO`, `FECHA_REGISTRO`, `USUARIO_REGISTRO`, `NOMBRE`) VALUES (9, NULL, '0', '0', NULL, NULL, 'San José');
INSERT INTO `barrios` (`CODIGO`, `IDENTIFICADOR_EQUIPO`, `ESTADO`, `PASIVO`, `FECHA_REGISTRO`, `USUARIO_REGISTRO`, `NOMBRE`) VALUES (10, NULL, '0', '0', NULL, NULL, 'Bóer');
INSERT INTO `barrios` (`CODIGO`, `IDENTIFICADOR_EQUIPO`, `ESTADO`, `PASIVO`, `FECHA_REGISTRO`, `USUARIO_REGISTRO`, `NOMBRE`) VALUES (11, NULL, '0', '0', NULL, NULL, 'William Diaz');
INSERT INTO `barrios` (`CODIGO`, `IDENTIFICADOR_EQUIPO`, `ESTADO`, `PASIVO`, `FECHA_REGISTRO`, `USUARIO_REGISTRO`, `NOMBRE`) VALUES (12, NULL, '0', '0', NULL, NULL, 'Martha Quezada');
INSERT INTO `barrios` (`CODIGO`, `IDENTIFICADOR_EQUIPO`, `ESTADO`, `PASIVO`, `FECHA_REGISTRO`, `USUARIO_REGISTRO`, `NOMBRE`) VALUES (13, NULL, '0', '0', NULL, NULL, 'El Carmen y Reforma');
INSERT INTO `barrios` (`CODIGO`, `IDENTIFICADOR_EQUIPO`, `ESTADO`, `PASIVO`, `FECHA_REGISTRO`, `USUARIO_REGISTRO`, `NOMBRE`) VALUES (14, NULL, '0', '0', NULL, NULL, 'Manuel Olivares');
INSERT INTO `barrios` (`CODIGO`, `IDENTIFICADOR_EQUIPO`, `ESTADO`, `PASIVO`, `FECHA_REGISTRO`, `USUARIO_REGISTRO`, `NOMBRE`) VALUES (15, NULL, '0', '0', NULL, NULL, 'Julio Buitrago');
INSERT INTO `barrios` (`CODIGO`, `IDENTIFICADOR_EQUIPO`, `ESTADO`, `PASIVO`, `FECHA_REGISTRO`, `USUARIO_REGISTRO`, `NOMBRE`) VALUES (16, NULL, '0', '0', NULL, NULL, 'Javier Cuadra');
INSERT INTO `barrios` (`CODIGO`, `IDENTIFICADOR_EQUIPO`, `ESTADO`, `PASIVO`, `FECHA_REGISTRO`, `USUARIO_REGISTRO`, `NOMBRE`) VALUES (17, NULL, '0', '0', NULL, NULL, 'Manchester');
INSERT INTO `barrios` (`CODIGO`, `IDENTIFICADOR_EQUIPO`, `ESTADO`, `PASIVO`, `FECHA_REGISTRO`, `USUARIO_REGISTRO`, `NOMBRE`) VALUES (18, NULL, '0', '0', NULL, NULL, 'Fuera de Sector');
INSERT INTO `barrios` (`CODIGO`, `IDENTIFICADOR_EQUIPO`, `ESTADO`, `PASIVO`, `FECHA_REGISTRO`, `USUARIO_REGISTRO`, `NOMBRE`) VALUES (19, NULL, '0', '0', NULL, NULL, 'Las Palmas');
INSERT INTO `casas` (`CODIGO`, `IDENTIFICADOR_EQUIPO`, `ESTADO`, `PASIVO`, `FECHA_REGISTRO`, `USUARIO_REGISTRO`, `APELLIDO1_JEFE`, `APELLIDO2_JEFE`, `DIRECCION`, `LATITUD`, `LONGITUD`, `MANZANA`, `NOMBRE1_JEFE`, `NOMBRE2_JEFE`, `CODIGO_BARRIO`) VALUES (1, 'server', '1', '0', '2017-05-22 00:00:00', 'admin', 'ESTRADA', NULL, 'IGLESIA SANTA ANA 2C AL SUR, 1/2C ABAJO, 1/2C AL LAGO, 1ER CALLEJÓN CASA COLOR VERDE CON VERJAS NEGRAS PORTON GRANDE ROJO M/D', 12.15621697, -86.29022697, '18', 'SAMUEL', 'MONTIEL', 3);
INSERT INTO `casas` (`CODIGO`, `IDENTIFICADOR_EQUIPO`, `ESTADO`, `PASIVO`, `FECHA_REGISTRO`, `USUARIO_REGISTRO`, `APELLIDO1_JEFE`, `APELLIDO2_JEFE`, `DIRECCION`, `LATITUD`, `LONGITUD`, `MANZANA`, `NOMBRE1_JEFE`, `NOMBRE2_JEFE`, `CODIGO_BARRIO`) VALUES (3, 'server', '1', '0', '2017-05-22 00:00:00', 'admin', 'ALVARADO', NULL, 'IGLESIA SANTA ANA 2 C AL SUR 1/2 C ABAJO 1/2 C AL LAGO MD. CASA COLOR MAMON CON NEGRO', 12.15606119, -86.29026761, '19', 'OSMAN', 'ALFREDO', 3);
INSERT INTO `casas` (`CODIGO`, `IDENTIFICADOR_EQUIPO`, `ESTADO`, `PASIVO`, `FECHA_REGISTRO`, `USUARIO_REGISTRO`, `APELLIDO1_JEFE`, `APELLIDO2_JEFE`, `DIRECCION`, `LATITUD`, `LONGITUD`, `MANZANA`, `NOMBRE1_JEFE`, `NOMBRE2_JEFE`, `CODIGO_BARRIO`) VALUES (4, 'server', '1', '0', '2017-05-22 00:00:00', 'admin', 'Marenco', 'Doña', 'PUENTE LEON 1 1/2C ABAJO', 12.15519944, -86.29500769, '10', 'José', 'Javier', 2);
INSERT INTO `casas` (`CODIGO`, `IDENTIFICADOR_EQUIPO`, `ESTADO`, `PASIVO`, `FECHA_REGISTRO`, `USUARIO_REGISTRO`, `APELLIDO1_JEFE`, `APELLIDO2_JEFE`, `DIRECCION`, `LATITUD`, `LONGITUD`, `MANZANA`, `NOMBRE1_JEFE`, `NOMBRE2_JEFE`, `CODIGO_BARRIO`) VALUES (5, 'server', '1', '0', '2017-05-22 00:00:00', 'admin', 'MEJIA', NULL, 'DE LA IGLESIA DE LAS PALMAS 1/2 C AL ESTE 1 AL NORTE 10 VRS AL ESTE', 12.14549807, -86.29333127, '5', 'JOHANNA', 'DEL CARMEN', 14);
INSERT INTO `casas` (`CODIGO`, `IDENTIFICADOR_EQUIPO`, `ESTADO`, `PASIVO`, `FECHA_REGISTRO`, `USUARIO_REGISTRO`, `APELLIDO1_JEFE`, `APELLIDO2_JEFE`, `DIRECCION`, `LATITUD`, `LONGITUD`, `MANZANA`, `NOMBRE1_JEFE`, `NOMBRE2_JEFE`, `CODIGO_BARRIO`) VALUES (9, 'server', '1', '0', '2017-05-22 00:00:00', 'admin', 'VANEGAS', 'GUERRERO', 'DEL BANCO POPULAR 1 C AL LAGO 3 1/2 C ARRIBA M/D. CONTIGUO A LA TAPICERIA PAVON', 12.14591688, -86.29489131, '36', 'YANETH', 'DEL SOCORRO', 1);
INSERT INTO `casas` (`CODIGO`, `IDENTIFICADOR_EQUIPO`, `ESTADO`, `PASIVO`, `FECHA_REGISTRO`, `USUARIO_REGISTRO`, `APELLIDO1_JEFE`, `APELLIDO2_JEFE`, `DIRECCION`, `LATITUD`, `LONGITUD`, `MANZANA`, `NOMBRE1_JEFE`, `NOMBRE2_JEFE`, `CODIGO_BARRIO`) VALUES (10, 'server', '1', '0', '2017-05-22 00:00:00', 'admin', 'ENRIQUE SOLIS RODRIG', NULL, 'DONDE FUE EL BANCO POPULAR MONSEÑOR LEZCANO 1C AL LAGO 3 1/2C ARRIBA', 12.14579543, -86.29505577, '36', 'MARIANO', NULL, 14);
INSERT INTO `casas` (`CODIGO`, `IDENTIFICADOR_EQUIPO`, `ESTADO`, `PASIVO`, `FECHA_REGISTRO`, `USUARIO_REGISTRO`, `APELLIDO1_JEFE`, `APELLIDO2_JEFE`, `DIRECCION`, `LATITUD`, `LONGITUD`, `MANZANA`, `NOMBRE1_JEFE`, `NOMBRE2_JEFE`, `CODIGO_BARRIO`) VALUES (13, 'server', '1', '0', '2017-05-22 00:00:00', 'admin', 'CUAREZMA', 'CALERO', 'VIVE EN LOS LAURELES - DATO TERRENO MA 2016', NULL, NULL, '0', 'CARLOS', 'DAVID', 18);
INSERT INTO `casas` (`CODIGO`, `IDENTIFICADOR_EQUIPO`, `ESTADO`, `PASIVO`, `FECHA_REGISTRO`, `USUARIO_REGISTRO`, `APELLIDO1_JEFE`, `APELLIDO2_JEFE`, `DIRECCION`, `LATITUD`, `LONGITUD`, `MANZANA`, `NOMBRE1_JEFE`, `NOMBRE2_JEFE`, `CODIGO_BARRIO`) VALUES (14, 'server', '1', '0', '2017-05-22 00:00:00', 'admin', 'GUERRERO', 'OROZCO', 'ARBOLITO 1C AL SUR 25VRS ABAJO CASA ADENTRO', 12.15690266, -86.28773396, '1', 'JIMMY', 'RAFAEL', 3);
INSERT INTO `casas` (`CODIGO`, `IDENTIFICADOR_EQUIPO`, `ESTADO`, `PASIVO`, `FECHA_REGISTRO`, `USUARIO_REGISTRO`, `APELLIDO1_JEFE`, `APELLIDO2_JEFE`, `DIRECCION`, `LATITUD`, `LONGITUD`, `MANZANA`, `NOMBRE1_JEFE`, `NOMBRE2_JEFE`, `CODIGO_BARRIO`) VALUES (16, 'server', '1', '0', '2017-05-22 00:00:00', 'admin', 'AUGUSTO CASTILLO REA', NULL, 'IGLESIA GUADALUPE 1 1/2C ARRIBA CASA #2006', 12.15056065, -86.29037971, '23', 'FERNANDO', NULL, 16);
INSERT INTO `casas` (`CODIGO`, `IDENTIFICADOR_EQUIPO`, `ESTADO`, `PASIVO`, `FECHA_REGISTRO`, `USUARIO_REGISTRO`, `APELLIDO1_JEFE`, `APELLIDO2_JEFE`, `DIRECCION`, `LATITUD`, `LONGITUD`, `MANZANA`, `NOMBRE1_JEFE`, `NOMBRE2_JEFE`, `CODIGO_BARRIO`) VALUES (20, 'server', '1', '0', '2017-05-22 00:00:00', 'admin', 'López', 'Zapata', 'DEL PUENTE LEON 2C ARRIBA 1 1/2 LAGO, MANO DERECHA CUARTO CALLEJON, CASA COLOR CREMA Y ROJO', 12.15283507, -86.28878136, '', 'Mario ', NULL, 3);
INSERT INTO `casas` (`CODIGO`, `IDENTIFICADOR_EQUIPO`, `ESTADO`, `PASIVO`, `FECHA_REGISTRO`, `USUARIO_REGISTRO`, `APELLIDO1_JEFE`, `APELLIDO2_JEFE`, `DIRECCION`, `LATITUD`, `LONGITUD`, `MANZANA`, `NOMBRE1_JEFE`, `NOMBRE2_JEFE`, `CODIGO_BARRIO`) VALUES (22, 'server', '1', '0', '2017-05-22 00:00:00', 'admin', 'HERNANDEZ', NULL, 'DELICIAS DEL VOLGA 2C ABAJO 10VRS NORTE M/I CASA ROSADA EN LOS NINTENDOS', 12.15281168, -86.28986863, '9', 'MARIA', 'LOURDES', 3);
INSERT INTO `casas` (`CODIGO`, `IDENTIFICADOR_EQUIPO`, `ESTADO`, `PASIVO`, `FECHA_REGISTRO`, `USUARIO_REGISTRO`, `APELLIDO1_JEFE`, `APELLIDO2_JEFE`, `DIRECCION`, `LATITUD`, `LONGITUD`, `MANZANA`, `NOMBRE1_JEFE`, `NOMBRE2_JEFE`, `CODIGO_BARRIO`) VALUES (24, 'server', '1', '0', '2017-05-22 00:00:00', 'admin', 'CALERO', 'GUERRERO', 'DELICIAS DEL VOLGA 1/2 AL SUR M/I CONTIGUO A BODEGA AUTOMITRIZ PORTON NEGRO', 12.15156552, -86.28741843, '7', 'FRANCISCO', 'ANTONIO', 16);
INSERT INTO `casas` (`CODIGO`, `IDENTIFICADOR_EQUIPO`, `ESTADO`, `PASIVO`, `FECHA_REGISTRO`, `USUARIO_REGISTRO`, `APELLIDO1_JEFE`, `APELLIDO2_JEFE`, `DIRECCION`, `LATITUD`, `LONGITUD`, `MANZANA`, `NOMBRE1_JEFE`, `NOMBRE2_JEFE`, `CODIGO_BARRIO`) VALUES (25, 'server', '1', '0', '2017-05-22 00:00:00', 'admin', 'CAÑAS', NULL, 'DDF TELCOR  MONSEÑOR LEZCANO  2 1/2C AL SUR 1C AL ESTE 1C AL NORTE  EN EL TOPE  CASA COLOR VEREDE', 12.14770667, -86.292215, '10', 'CELIA', 'ESPERANZA', 14);
INSERT INTO `casas` (`CODIGO`, `IDENTIFICADOR_EQUIPO`, `ESTADO`, `PASIVO`, `FECHA_REGISTRO`, `USUARIO_REGISTRO`, `APELLIDO1_JEFE`, `APELLIDO2_JEFE`, `DIRECCION`, `LATITUD`, `LONGITUD`, `MANZANA`, `NOMBRE1_JEFE`, `NOMBRE2_JEFE`, `CODIGO_BARRIO`) VALUES (26, 'server', '1', '0', '2017-05-22 00:00:00', 'admin', 'RODRIGUEZ', NULL, 'DE DONDE FUE BANCO POPULAR 1C AL NORTE 4C ARRIBA', 12.14616735, -86.29454171, '5', 'SOCORRO', NULL, 14);
INSERT INTO `casas` (`CODIGO`, `IDENTIFICADOR_EQUIPO`, `ESTADO`, `PASIVO`, `FECHA_REGISTRO`, `USUARIO_REGISTRO`, `APELLIDO1_JEFE`, `APELLIDO2_JEFE`, `DIRECCION`, `LATITUD`, `LONGITUD`, `MANZANA`, `NOMBRE1_JEFE`, `NOMBRE2_JEFE`, `CODIGO_BARRIO`) VALUES (30, 'server', '1', '0', '2017-05-22 00:00:00', 'admin', 'AGUINAGA', 'HUERTA', 'CEMENTERIO GENERAL 2C ARRIBA 1/2C AL LAGO M/I', 12.15303189, -86.28997554, '22', 'WILFREDO', 'JOSE', 3);
INSERT INTO `casas` (`CODIGO`, `IDENTIFICADOR_EQUIPO`, `ESTADO`, `PASIVO`, `FECHA_REGISTRO`, `USUARIO_REGISTRO`, `APELLIDO1_JEFE`, `APELLIDO2_JEFE`, `DIRECCION`, `LATITUD`, `LONGITUD`, `MANZANA`, `NOMBRE1_JEFE`, `NOMBRE2_JEFE`, `CODIGO_BARRIO`) VALUES (31, 'server', '1', '0', '2017-05-22 00:00:00', 'admin', 'BENAVENTE', 'MONTIEL', 'DELICIAS DEL VOLGA 1 1/2C ABAJO', 12.15295936, -86.28944309, '9', 'KAREN', 'DEL SOCORRO', 3);
INSERT INTO `casas` (`CODIGO`, `IDENTIFICADOR_EQUIPO`, `ESTADO`, `PASIVO`, `FECHA_REGISTRO`, `USUARIO_REGISTRO`, `APELLIDO1_JEFE`, `APELLIDO2_JEFE`, `DIRECCION`, `LATITUD`, `LONGITUD`, `MANZANA`, `NOMBRE1_JEFE`, `NOMBRE2_JEFE`, `CODIGO_BARRIO`) VALUES (32, 'server', '1', '0', '2017-05-22 00:00:00', 'admin', 'Nuñez', 'Vega', 'Aceitera 1/2c al lago, calle buses', 12.15298578, -86.29007637, '22', 'Lucila', 'del C.', 3);
INSERT INTO `casas` (`CODIGO`, `IDENTIFICADOR_EQUIPO`, `ESTADO`, `PASIVO`, `FECHA_REGISTRO`, `USUARIO_REGISTRO`, `APELLIDO1_JEFE`, `APELLIDO2_JEFE`, `DIRECCION`, `LATITUD`, `LONGITUD`, `MANZANA`, `NOMBRE1_JEFE`, `NOMBRE2_JEFE`, `CODIGO_BARRIO`) VALUES (34, 'server', '1', '0', '2017-05-22 00:00:00', 'admin', 'FLORES', NULL, 'DE DONDE FUE ACEITERA CORONA 25VRS AL LAGO FRENTE A TALLER DE BICICLETAS CASA CELESTE CON BLANCO', 12.15298919, -86.28994091, '22', 'WILMER', 'JOSE', 3);
INSERT INTO `casas` (`CODIGO`, `IDENTIFICADOR_EQUIPO`, `ESTADO`, `PASIVO`, `FECHA_REGISTRO`, `USUARIO_REGISTRO`, `APELLIDO1_JEFE`, `APELLIDO2_JEFE`, `DIRECCION`, `LATITUD`, `LONGITUD`, `MANZANA`, `NOMBRE1_JEFE`, `NOMBRE2_JEFE`, `CODIGO_BARRIO`) VALUES (36, 'server', '1', '0', '2017-05-22 00:00:00', 'admin', 'Gutiérrez', 'Castellón', 'Delicias del volga 1 1/2c abajo', 12.15282333, -86.28963853, '9', 'Ana ', 'Modesta', 3);
INSERT INTO `casas` (`CODIGO`, `IDENTIFICADOR_EQUIPO`, `ESTADO`, `PASIVO`, `FECHA_REGISTRO`, `USUARIO_REGISTRO`, `APELLIDO1_JEFE`, `APELLIDO2_JEFE`, `DIRECCION`, `LATITUD`, `LONGITUD`, `MANZANA`, `NOMBRE1_JEFE`, `NOMBRE2_JEFE`, `CODIGO_BARRIO`) VALUES (37, 'server', '1', '0', '2017-05-22 00:00:00', 'admin', 'BLANDON', 'GONZALEZ', 'DELICIAS DEL VOLGA 1 1/2C ABAJO CONTIGUO A LA CROSS', 12.15247084, -86.2895069, '9', 'ELVIS', 'MARTIN', 3);
INSERT INTO `casas` (`CODIGO`, `IDENTIFICADOR_EQUIPO`, `ESTADO`, `PASIVO`, `FECHA_REGISTRO`, `USUARIO_REGISTRO`, `APELLIDO1_JEFE`, `APELLIDO2_JEFE`, `DIRECCION`, `LATITUD`, `LONGITUD`, `MANZANA`, `NOMBRE1_JEFE`, `NOMBRE2_JEFE`, `CODIGO_BARRIO`) VALUES (38, 'server', '1', '0', '2017-05-22 00:00:00', 'admin', 'PEREZ', 'CORTEZ', 'DE LA OFICINA DE LA ACEITERA CORONA 75 VRS AL LAGO M/I', NULL, NULL, '22', 'MAYLER', 'JOEL', 3);
INSERT INTO `casas` (`CODIGO`, `IDENTIFICADOR_EQUIPO`, `ESTADO`, `PASIVO`, `FECHA_REGISTRO`, `USUARIO_REGISTRO`, `APELLIDO1_JEFE`, `APELLIDO2_JEFE`, `DIRECCION`, `LATITUD`, `LONGITUD`, `MANZANA`, `NOMBRE1_JEFE`, `NOMBRE2_JEFE`, `CODIGO_BARRIO`) VALUES (39, 'server', '1', '0', '2017-05-22 00:00:00', 'admin', 'CASTRO', 'GONZALEZ', 'ARBOLITO 1C AL LAGO 1/2C ARRIBA M/I CASA PARA EL PUEBLO EN EL CALLEJON', 12.15879997, -86.28661398, '16', 'DENNIS', 'JOSE', 6);
INSERT INTO `casas` (`CODIGO`, `IDENTIFICADOR_EQUIPO`, `ESTADO`, `PASIVO`, `FECHA_REGISTRO`, `USUARIO_REGISTRO`, `APELLIDO1_JEFE`, `APELLIDO2_JEFE`, `DIRECCION`, `LATITUD`, `LONGITUD`, `MANZANA`, `NOMBRE1_JEFE`, `NOMBRE2_JEFE`, `CODIGO_BARRIO`) VALUES (40, 'server', '1', '0', '2017-05-22 00:00:00', 'admin', 'ZAMORA', 'DAVILA', 'CAMBIO DE DOMICILIO SIN REPORTARLO - DATO TERRENO MA 2016 MARLON CASTRO', NULL, NULL, '0', 'ARMANDO', NULL, 18);
INSERT INTO `casas` (`CODIGO`, `IDENTIFICADOR_EQUIPO`, `ESTADO`, `PASIVO`, `FECHA_REGISTRO`, `USUARIO_REGISTRO`, `APELLIDO1_JEFE`, `APELLIDO2_JEFE`, `DIRECCION`, `LATITUD`, `LONGITUD`, `MANZANA`, `NOMBRE1_JEFE`, `NOMBRE2_JEFE`, `CODIGO_BARRIO`) VALUES (41, 'server', '1', '0', '2017-05-22 00:00:00', 'admin', 'URBINA', 'ROMERO', 'TDM 1C AL LAGO 75VRS ARRIBA', 12.1497407, -86.29137384, '', 'KARLA', NULL, 16);
INSERT INTO `casas` (`CODIGO`, `IDENTIFICADOR_EQUIPO`, `ESTADO`, `PASIVO`, `FECHA_REGISTRO`, `USUARIO_REGISTRO`, `APELLIDO1_JEFE`, `APELLIDO2_JEFE`, `DIRECCION`, `LATITUD`, `LONGITUD`, `MANZANA`, `NOMBRE1_JEFE`, `NOMBRE2_JEFE`, `CODIGO_BARRIO`) VALUES (44, 'server', '1', '0', '2017-05-22 00:00:00', 'admin', 'PEREZ', 'RIVERA', 'FUERA DE MANAGUA MA 2017', 12.14986605, -86.29178727, '0', 'CARMEN', NULL, 18);
INSERT INTO `casas` (`CODIGO`, `IDENTIFICADOR_EQUIPO`, `ESTADO`, `PASIVO`, `FECHA_REGISTRO`, `USUARIO_REGISTRO`, `APELLIDO1_JEFE`, `APELLIDO2_JEFE`, `DIRECCION`, `LATITUD`, `LONGITUD`, `MANZANA`, `NOMBRE1_JEFE`, `NOMBRE2_JEFE`, `CODIGO_BARRIO`) VALUES (46, 'server', '1', '0', '2017-05-22 00:00:00', 'admin', 'Rodríguez', NULL, 'Casa pellas, esquina oeste 25vrs abajo', 12.15725108, -86.30105364, '44', 'Gladys', NULL, 2);
INSERT INTO `casas` (`CODIGO`, `IDENTIFICADOR_EQUIPO`, `ESTADO`, `PASIVO`, `FECHA_REGISTRO`, `USUARIO_REGISTRO`, `APELLIDO1_JEFE`, `APELLIDO2_JEFE`, `DIRECCION`, `LATITUD`, `LONGITUD`, `MANZANA`, `NOMBRE1_JEFE`, `NOMBRE2_JEFE`, `CODIGO_BARRIO`) VALUES (47, 'server', '1', '0', '2017-05-22 00:00:00', 'admin', 'Orozco', NULL, 'PUENTE LEON 1 AL LAGO, 2 1/2 ABAJO', 12.15598609, -86.29548042, '', 'José', 'Santos', 2);
INSERT INTO `casas` (`CODIGO`, `IDENTIFICADOR_EQUIPO`, `ESTADO`, `PASIVO`, `FECHA_REGISTRO`, `USUARIO_REGISTRO`, `APELLIDO1_JEFE`, `APELLIDO2_JEFE`, `DIRECCION`, `LATITUD`, `LONGITUD`, `MANZANA`, `NOMBRE1_JEFE`, `NOMBRE2_JEFE`, `CODIGO_BARRIO`) VALUES (48, 'server', '1', '0', '2017-05-22 00:00:00', 'admin', 'JOSE GADEA MONTES', NULL, 'CIUDAD SANDINO', NULL, NULL, '0', 'SILVIO', NULL, 18);
INSERT INTO `casas` (`CODIGO`, `IDENTIFICADOR_EQUIPO`, `ESTADO`, `PASIVO`, `FECHA_REGISTRO`, `USUARIO_REGISTRO`, `APELLIDO1_JEFE`, `APELLIDO2_JEFE`, `DIRECCION`, `LATITUD`, `LONGITUD`, `MANZANA`, `NOMBRE1_JEFE`, `NOMBRE2_JEFE`, `CODIGO_BARRIO`) VALUES (51, 'server', '1', '0', '2017-05-22 00:00:00', 'admin', 'LAGUNA', 'VEGAS', 'COSTADO SUR DEL MITAB 1/2C AL SUR 40VRS ABAJO M/D CASA ANARANJADA VERJAS AZULES EN LA VENTA', 12.15393838, -86.28289106, '', 'JUANA', NULL, 15);
INSERT INTO `casas` (`CODIGO`, `IDENTIFICADOR_EQUIPO`, `ESTADO`, `PASIVO`, `FECHA_REGISTRO`, `USUARIO_REGISTRO`, `APELLIDO1_JEFE`, `APELLIDO2_JEFE`, `DIRECCION`, `LATITUD`, `LONGITUD`, `MANZANA`, `NOMBRE1_JEFE`, `NOMBRE2_JEFE`, `CODIGO_BARRIO`) VALUES (52, 'server', '1', '0', '2017-05-22 00:00:00', 'admin', 'LAGUNA', 'VEGA', 'MITRAB 3C ARRIBA 2 1/2 C AL SUR CASA VERDE FRANJAS ANARANJADAS', 12.15271128, -86.27921832, '5', 'JUANA', NULL, 9);
INSERT INTO `casas` (`CODIGO`, `IDENTIFICADOR_EQUIPO`, `ESTADO`, `PASIVO`, `FECHA_REGISTRO`, `USUARIO_REGISTRO`, `APELLIDO1_JEFE`, `APELLIDO2_JEFE`, `DIRECCION`, `LATITUD`, `LONGITUD`, `MANZANA`, `NOMBRE1_JEFE`, `NOMBRE2_JEFE`, `CODIGO_BARRIO`) VALUES (55, 'server', '1', '0', '2017-05-22 00:00:00', 'admin', 'NAVARRETE', 'ZAMORA', 'COSTADO SUR DEL MITRAB 70VRS ABAJO A M/I CASA COLOR VERDE', 12.15392573, -86.28283562, '15', 'JESSIE', 'AZUCENA', 15);
INSERT INTO `casas` (`CODIGO`, `IDENTIFICADOR_EQUIPO`, `ESTADO`, `PASIVO`, `FECHA_REGISTRO`, `USUARIO_REGISTRO`, `APELLIDO1_JEFE`, `APELLIDO2_JEFE`, `DIRECCION`, `LATITUD`, `LONGITUD`, `MANZANA`, `NOMBRE1_JEFE`, `NOMBRE2_JEFE`, `CODIGO_BARRIO`) VALUES (56, 'server', '1', '0', '2017-05-22 00:00:00', 'admin', 'Martínez', NULL, 'CARNISA 1/2C ARRIBA M/I', 12.15701119, -86.29666018, '22', 'Blanca', 'Estela', 2);
INSERT INTO `casas` (`CODIGO`, `IDENTIFICADOR_EQUIPO`, `ESTADO`, `PASIVO`, `FECHA_REGISTRO`, `USUARIO_REGISTRO`, `APELLIDO1_JEFE`, `APELLIDO2_JEFE`, `DIRECCION`, `LATITUD`, `LONGITUD`, `MANZANA`, `NOMBRE1_JEFE`, `NOMBRE2_JEFE`, `CODIGO_BARRIO`) VALUES (59, 'server', '1', '0', '2017-05-22 00:00:00', 'admin', 'LOPEZ', NULL, 'CASA PELLAS 2 1/2C ARRIBA', 12.15794933, -86.29740565, '23', 'JENRRYS', 'JAVIER', 2);
INSERT INTO `casas` (`CODIGO`, `IDENTIFICADOR_EQUIPO`, `ESTADO`, `PASIVO`, `FECHA_REGISTRO`, `USUARIO_REGISTRO`, `APELLIDO1_JEFE`, `APELLIDO2_JEFE`, `DIRECCION`, `LATITUD`, `LONGITUD`, `MANZANA`, `NOMBRE1_JEFE`, `NOMBRE2_JEFE`, `CODIGO_BARRIO`) VALUES (60, 'server', '1', '0', '2017-05-22 00:00:00', 'admin', 'LOPEZ', 'ABURTO', 'CASA PELLAS 2C ARRIBA SOBRE LA PISTA EN CASA ESQUINERA DONDE HAY UN ARBOL DE NARANJA AGRIA AFUERA', 12.15788597, -86.29790101, '32', 'BAYARDO', 'JOSE', 2);
INSERT INTO `casas` (`CODIGO`, `IDENTIFICADOR_EQUIPO`, `ESTADO`, `PASIVO`, `FECHA_REGISTRO`, `USUARIO_REGISTRO`, `APELLIDO1_JEFE`, `APELLIDO2_JEFE`, `DIRECCION`, `LATITUD`, `LONGITUD`, `MANZANA`, `NOMBRE1_JEFE`, `NOMBRE2_JEFE`, `CODIGO_BARRIO`) VALUES (63, 'server', '1', '0', '2017-05-22 00:00:00', 'admin', 'GUTIERREZ', 'ARROLIGA', 'PUENTE LEON 2 1/2C AL LAGO M/I', 12.15724501, -86.29363507, '1', 'FERNANDO', 'THOMAS', 2);
INSERT INTO `casas` (`CODIGO`, `IDENTIFICADOR_EQUIPO`, `ESTADO`, `PASIVO`, `FECHA_REGISTRO`, `USUARIO_REGISTRO`, `APELLIDO1_JEFE`, `APELLIDO2_JEFE`, `DIRECCION`, `LATITUD`, `LONGITUD`, `MANZANA`, `NOMBRE1_JEFE`, `NOMBRE2_JEFE`, `CODIGO_BARRIO`) VALUES (65, 'server', '1', '0', '2017-05-22 00:00:00', 'admin', 'FONSECA', 'RIVERA', 'ESQUINA ABAJO PUENTE LEON 2C. AL LAGO M/I CASA ESQUINERA MURO SIN PINTAR VERJAS ROJAS', 12.15704882, -86.29357798, '1', 'CARLOS', 'ALBERTO', 2);
INSERT INTO `casas` (`CODIGO`, `IDENTIFICADOR_EQUIPO`, `ESTADO`, `PASIVO`, `FECHA_REGISTRO`, `USUARIO_REGISTRO`, `APELLIDO1_JEFE`, `APELLIDO2_JEFE`, `DIRECCION`, `LATITUD`, `LONGITUD`, `MANZANA`, `NOMBRE1_JEFE`, `NOMBRE2_JEFE`, `CODIGO_BARRIO`) VALUES (66, 'server', '1', '0', '2017-05-22 00:00:00', 'admin', 'SOLANO', NULL, 'CINE BLANCO 5C AL LAGO 10VRS ABAJO CASA SIN PINTAR M/D', 12.16086635, -86.28133569, '', 'MARTHA', NULL, 5);
INSERT INTO `casas` (`CODIGO`, `IDENTIFICADOR_EQUIPO`, `ESTADO`, `PASIVO`, `FECHA_REGISTRO`, `USUARIO_REGISTRO`, `APELLIDO1_JEFE`, `APELLIDO2_JEFE`, `DIRECCION`, `LATITUD`, `LONGITUD`, `MANZANA`, `NOMBRE1_JEFE`, `NOMBRE2_JEFE`, `CODIGO_BARRIO`) VALUES (67, 'server', '1', '0', '2017-05-22 00:00:00', 'admin', 'DEL CARMEN GARAY MOR', NULL, 'DE DONDE FUERON LOS VALCANES 1C ABAJO 1C AL LAGO 75VRS ARRIBA M/I AL FONDO DEL CALLEJON', 12.1601916, -86.28311027, '6', 'MARIBEL', NULL, 6);
INSERT INTO `casas` (`CODIGO`, `IDENTIFICADOR_EQUIPO`, `ESTADO`, `PASIVO`, `FECHA_REGISTRO`, `USUARIO_REGISTRO`, `APELLIDO1_JEFE`, `APELLIDO2_JEFE`, `DIRECCION`, `LATITUD`, `LONGITUD`, `MANZANA`, `NOMBRE1_JEFE`, `NOMBRE2_JEFE`, `CODIGO_BARRIO`) VALUES (69, 'server', '1', '0', '2017-05-22 00:00:00', 'admin', 'PEREZ', 'CISNESRO', 'DONDE FUERON LOS VALCANES 2C NORTE 1/2C OESTE', 12.16031573, -86.28323567, '6', 'MARIA', 'VICTORIA', 6);
INSERT INTO `casas` (`CODIGO`, `IDENTIFICADOR_EQUIPO`, `ESTADO`, `PASIVO`, `FECHA_REGISTRO`, `USUARIO_REGISTRO`, `APELLIDO1_JEFE`, `APELLIDO2_JEFE`, `DIRECCION`, `LATITUD`, `LONGITUD`, `MANZANA`, `NOMBRE1_JEFE`, `NOMBRE2_JEFE`, `CODIGO_BARRIO`) VALUES (70, 'server', '1', '0', '2017-05-22 00:00:00', 'admin', 'URRUTIA', 'MENDOZA', 'ARBOLITO 2C ARRIBA 1C AL LAGO', 12.15858789, -86.28422843, '10', 'JAZMINE', 'DEL SOCORRO', 6);
INSERT INTO `casas` (`CODIGO`, `IDENTIFICADOR_EQUIPO`, `ESTADO`, `PASIVO`, `FECHA_REGISTRO`, `USUARIO_REGISTRO`, `APELLIDO1_JEFE`, `APELLIDO2_JEFE`, `DIRECCION`, `LATITUD`, `LONGITUD`, `MANZANA`, `NOMBRE1_JEFE`, `NOMBRE2_JEFE`, `CODIGO_BARRIO`) VALUES (72, 'server', '1', '0', '2017-05-22 00:00:00', 'admin', 'RUIZ', NULL, 'CINE DARIO 1/2C AL LAGO M/D EN EL CALLEJON', 12.15798701, -86.28535182, '10', 'RAMONA', NULL, 6);
INSERT INTO `casas` (`CODIGO`, `IDENTIFICADOR_EQUIPO`, `ESTADO`, `PASIVO`, `FECHA_REGISTRO`, `USUARIO_REGISTRO`, `APELLIDO1_JEFE`, `APELLIDO2_JEFE`, `DIRECCION`, `LATITUD`, `LONGITUD`, `MANZANA`, `NOMBRE1_JEFE`, `NOMBRE2_JEFE`, `CODIGO_BARRIO`) VALUES (73, 'server', '1', '0', '2017-05-22 00:00:00', 'admin', 'GOMEZ', 'GONZALEZ', 'DEL ARBOLITO 1C ARRIBA 1/2C AL LAGO M/I CASA COLOR VERDE CON LILA', 12.15819844, -86.28579789, '10', 'JONNY', 'GERARDO', 6);
INSERT INTO `casas` (`CODIGO`, `IDENTIFICADOR_EQUIPO`, `ESTADO`, `PASIVO`, `FECHA_REGISTRO`, `USUARIO_REGISTRO`, `APELLIDO1_JEFE`, `APELLIDO2_JEFE`, `DIRECCION`, `LATITUD`, `LONGITUD`, `MANZANA`, `NOMBRE1_JEFE`, `NOMBRE2_JEFE`, `CODIGO_BARRIO`) VALUES (79, 'server', '1', '0', '2017-05-22 00:00:00', 'admin', 'DUARTE', 'VADO', 'CINE BLANCO 2C ABAJO 1C AL SUR 1C ABAJO  M/I CASA ESQUINERA', 12.1568146, -86.2834842, '9', 'JUSTO', 'PASTOR', 15);
INSERT INTO `casas` (`CODIGO`, `IDENTIFICADOR_EQUIPO`, `ESTADO`, `PASIVO`, `FECHA_REGISTRO`, `USUARIO_REGISTRO`, `APELLIDO1_JEFE`, `APELLIDO2_JEFE`, `DIRECCION`, `LATITUD`, `LONGITUD`, `MANZANA`, `NOMBRE1_JEFE`, `NOMBRE2_JEFE`, `CODIGO_BARRIO`) VALUES (83, 'server', '1', '0', '2017-05-22 00:00:00', 'admin', 'MUNGUIA', 'PEREZ', 'DE LA IGLESIA DE SANTA ANA 3C ABAJO 1/2C AL LAGO M/D COLOR AMARILLA CON CELESTE. DE ZINC', 12.1582466, -86.29307442, '25', 'EVARISTO', 'JOSE', 4);
INSERT INTO `casas` (`CODIGO`, `IDENTIFICADOR_EQUIPO`, `ESTADO`, `PASIVO`, `FECHA_REGISTRO`, `USUARIO_REGISTRO`, `APELLIDO1_JEFE`, `APELLIDO2_JEFE`, `DIRECCION`, `LATITUD`, `LONGITUD`, `MANZANA`, `NOMBRE1_JEFE`, `NOMBRE2_JEFE`, `CODIGO_BARRIO`) VALUES (85, 'server', '1', '0', '2017-05-22 00:00:00', 'admin', 'LOPEZ', 'UBILLA', 'COOPERTIVA CFA 1 C ABAJO 1 1/2 AL LAGO EN LOS ESCOMBROS', NULL, NULL, '24', 'ELIZABETH', 'DEL SOCORRO', 10);
INSERT INTO `casas` (`CODIGO`, `IDENTIFICADOR_EQUIPO`, `ESTADO`, `PASIVO`, `FECHA_REGISTRO`, `USUARIO_REGISTRO`, `APELLIDO1_JEFE`, `APELLIDO2_JEFE`, `DIRECCION`, `LATITUD`, `LONGITUD`, `MANZANA`, `NOMBRE1_JEFE`, `NOMBRE2_JEFE`, `CODIGO_BARRIO`) VALUES (87, 'server', '1', '0', '2017-05-22 00:00:00', 'admin', 'SANDINO', NULL, 'ESTATUA M. LEZCANO 2C AL LAGO 1 1/2C ARRIBA CASA DE DOS PISOS COLOR CELESTE BAJO CON PORTONES NEGROS', 12.15082543, -86.29609127, '7', 'LORENA', 'DEL CARMEN', 1);
INSERT INTO `casas` (`CODIGO`, `IDENTIFICADOR_EQUIPO`, `ESTADO`, `PASIVO`, `FECHA_REGISTRO`, `USUARIO_REGISTRO`, `APELLIDO1_JEFE`, `APELLIDO2_JEFE`, `DIRECCION`, `LATITUD`, `LONGITUD`, `MANZANA`, `NOMBRE1_JEFE`, `NOMBRE2_JEFE`, `CODIGO_BARRIO`) VALUES (88, 'server', '1', '0', '2017-05-22 00:00:00', 'admin', 'MOLINA', 'POTOSME', 'SEMAFOROS DE LA CEIBITA 1C AL NORTE 1 1/2C AL OESTE HAY UN CERCO DE ZINC', 12.15530162, -86.29864286, '', 'AMPARO', NULL, 2);
INSERT INTO `casas` (`CODIGO`, `IDENTIFICADOR_EQUIPO`, `ESTADO`, `PASIVO`, `FECHA_REGISTRO`, `USUARIO_REGISTRO`, `APELLIDO1_JEFE`, `APELLIDO2_JEFE`, `DIRECCION`, `LATITUD`, `LONGITUD`, `MANZANA`, `NOMBRE1_JEFE`, `NOMBRE2_JEFE`, `CODIGO_BARRIO`) VALUES (90, 'server', '1', '0', '2017-05-22 00:00:00', 'admin', 'JUAREZ', 'LOPEZ', 'SEMAFOROS DE LA CEIBITA 3C ABAJO 1C AL LAGO CASA ESQUINERA M/D CAOLOR VERDE VERJAS NEGRAS', 12.1543114, -86.29983858, '', 'JUANA', 'DE LA CRUZ', 2);
INSERT INTO `casas` (`CODIGO`, `IDENTIFICADOR_EQUIPO`, `ESTADO`, `PASIVO`, `FECHA_REGISTRO`, `USUARIO_REGISTRO`, `APELLIDO1_JEFE`, `APELLIDO2_JEFE`, `DIRECCION`, `LATITUD`, `LONGITUD`, `MANZANA`, `NOMBRE1_JEFE`, `NOMBRE2_JEFE`, `CODIGO_BARRIO`) VALUES (91, 'server', '1', '0', '2017-05-22 00:00:00', 'admin', 'BLANCO', NULL, 'SEMAFOROS DE LA CEIBITA 2C AL OESTE 1C AL NORTE CASA DE TABLAS Y ZINC JUNTO AL ROTULO DE ALTO CASA ESQUINERA M/I', 12.15441273, -86.29896396, '38', 'MAUREN', 'DE LOS ANGELES', 2);
INSERT INTO `casas` (`CODIGO`, `IDENTIFICADOR_EQUIPO`, `ESTADO`, `PASIVO`, `FECHA_REGISTRO`, `USUARIO_REGISTRO`, `APELLIDO1_JEFE`, `APELLIDO2_JEFE`, `DIRECCION`, `LATITUD`, `LONGITUD`, `MANZANA`, `NOMBRE1_JEFE`, `NOMBRE2_JEFE`, `CODIGO_BARRIO`) VALUES (92, 'server', '1', '0', '2017-05-22 00:00:00', 'admin', 'BOJORGE', NULL, 'SEMAFOROS CEIBITA 1 1/2C AL OESTE 1/2C AL NORTE M/D', 12.15493457, -86.29844561, '29', 'ROSA ', 'ESMERALDA', 2);
INSERT INTO `casas` (`CODIGO`, `IDENTIFICADOR_EQUIPO`, `ESTADO`, `PASIVO`, `FECHA_REGISTRO`, `USUARIO_REGISTRO`, `APELLIDO1_JEFE`, `APELLIDO2_JEFE`, `DIRECCION`, `LATITUD`, `LONGITUD`, `MANZANA`, `NOMBRE1_JEFE`, `NOMBRE2_JEFE`, `CODIGO_BARRIO`) VALUES (93, 'server', '1', '0', '2017-05-22 00:00:00', 'admin', 'GARCIA', 'BERRIOS', 'DE LA IGLESIA SANTA ANA 1C ABAJO, 1 1/2 AL LAGO. M/I CASA COLOR CAFÉ CON CREMA', 12.159345, -86.29106833, '23', 'CLAUDIA', 'ELIZABETH', 4);
INSERT INTO `casas` (`CODIGO`, `IDENTIFICADOR_EQUIPO`, `ESTADO`, `PASIVO`, `FECHA_REGISTRO`, `USUARIO_REGISTRO`, `APELLIDO1_JEFE`, `APELLIDO2_JEFE`, `DIRECCION`, `LATITUD`, `LONGITUD`, `MANZANA`, `NOMBRE1_JEFE`, `NOMBRE2_JEFE`, `CODIGO_BARRIO`) VALUES (99, 'server', '1', '0', '2017-05-22 00:00:00', 'admin', 'ARCE', 'LEIVA', 'VALCANES 2C AL SUR 1/2C AL OESTE CASA CAFÉ CON VERDE DE TABLAS', 12.15859424, -86.28411179, '8', 'VICTOR', 'MANUEL', 6);
INSERT INTO `casas` (`CODIGO`, `IDENTIFICADOR_EQUIPO`, `ESTADO`, `PASIVO`, `FECHA_REGISTRO`, `USUARIO_REGISTRO`, `APELLIDO1_JEFE`, `APELLIDO2_JEFE`, `DIRECCION`, `LATITUD`, `LONGITUD`, `MANZANA`, `NOMBRE1_JEFE`, `NOMBRE2_JEFE`, `CODIGO_BARRIO`) VALUES (2958, 'server', '1', '0', '2017-05-22 00:00:00', 'admin', 'MALTEZ', NULL, 'Del puente Gadala María 1c al Norte, 10vrs arriba a m/i casa con arbol de nancite»', 12.15864176, -86.29375176, '', 'PABLO', 'ANTONIO', 4);
INSERT INTO `casas` (`CODIGO`, `IDENTIFICADOR_EQUIPO`, `ESTADO`, `PASIVO`, `FECHA_REGISTRO`, `USUARIO_REGISTRO`, `APELLIDO1_JEFE`, `APELLIDO2_JEFE`, `DIRECCION`, `LATITUD`, `LONGITUD`, `MANZANA`, `NOMBRE1_JEFE`, `NOMBRE2_JEFE`, `CODIGO_BARRIO`) VALUES (1778, 'server', '1', '0', '2017-05-22 00:00:00', 'admin', 'PABLO MENOCAL ZAMORA', NULL, 'ARBOLITO 1C ARRIBA  1/2C AL LAGO M/D CASA COLOR NARANJA', 12.1573149, -86.27866673, '10', 'JUAN', NULL, 6);
INSERT INTO `casas` (`CODIGO`, `IDENTIFICADOR_EQUIPO`, `ESTADO`, `PASIVO`, `FECHA_REGISTRO`, `USUARIO_REGISTRO`, `APELLIDO1_JEFE`, `APELLIDO2_JEFE`, `DIRECCION`, `LATITUD`, `LONGITUD`, `MANZANA`, `NOMBRE1_JEFE`, `NOMBRE2_JEFE`, `CODIGO_BARRIO`) VALUES (2956, 'server', '1', '0', '2017-05-22 00:00:00', 'admin', 'PABLO MENOCAL ', NULL, 'DDF EL CINE DARÍO 1/2C AL LAGO A M/D FRENTE A LA IMPRENTA»', 12.15764671, -86.28642824, '10', 'JUAN', NULL, 6);


INSERT INTO `participantes` (`CODIGO`, `IDENTIFICADOR_EQUIPO`, `ESTADO`, `PASIVO`, `FECHA_REGISTRO`, `USUARIO_REGISTRO`, `APELLIDO1`, `APELLIDO1_MADRE`, `APELLIDO1_PADRE`, `APELLIDO2`, `APELLIDO2_MADRE`, `APELLIDO2_PADRE`, `FECHANAC`, `NOMBRE1`, `NOMBRE1_MADRE`, `NOMBRE1_PADRE`, `NOMBRE2`, `NOMBRE2_MADRE`, `NOMBRE2_PADRE`, `SEXO`, `CODIGO_CASA`) VALUES (3, 'server', '1', '0', '2017-05-22 00:00:00', 'admin', 'Estrada', 'NA', 'NA', '', NULL, NULL, '2001-10-08 00:00:00', 'Itsamary ', 'NA', 'NA', 'Fernanda', NULL, NULL, 'F', 1);
INSERT INTO `participantes` (`CODIGO`, `IDENTIFICADOR_EQUIPO`, `ESTADO`, `PASIVO`, `FECHA_REGISTRO`, `USUARIO_REGISTRO`, `APELLIDO1`, `APELLIDO1_MADRE`, `APELLIDO1_PADRE`, `APELLIDO2`, `APELLIDO2_MADRE`, `APELLIDO2_PADRE`, `FECHANAC`, `NOMBRE1`, `NOMBRE1_MADRE`, `NOMBRE1_PADRE`, `NOMBRE2`, `NOMBRE2_MADRE`, `NOMBRE2_PADRE`, `SEXO`, `CODIGO_CASA`) VALUES (4, 'server', '1', '0', '2017-05-22 00:00:00', 'admin', 'Córdoba ', 'NA', 'NA', 'Estrada', NULL, NULL, '2000-08-08 00:00:00', 'Ivett', 'NA', 'NA', 'Eugenia', NULL, NULL, 'F', 1);
INSERT INTO `participantes` (`CODIGO`, `IDENTIFICADOR_EQUIPO`, `ESTADO`, `PASIVO`, `FECHA_REGISTRO`, `USUARIO_REGISTRO`, `APELLIDO1`, `APELLIDO1_MADRE`, `APELLIDO1_PADRE`, `APELLIDO2`, `APELLIDO2_MADRE`, `APELLIDO2_PADRE`, `FECHANAC`, `NOMBRE1`, `NOMBRE1_MADRE`, `NOMBRE1_PADRE`, `NOMBRE2`, `NOMBRE2_MADRE`, `NOMBRE2_PADRE`, `SEXO`, `CODIGO_CASA`) VALUES (12, 'server', '1', '0', '2017-05-22 00:00:00', 'admin', 'Marenco', 'NA', 'NA', 'López', NULL, NULL, '2001-09-29 00:00:00', 'Rosa', 'NA', 'NA', 'Elena', NULL, NULL, 'F', 4);
INSERT INTO `participantes` (`CODIGO`, `IDENTIFICADOR_EQUIPO`, `ESTADO`, `PASIVO`, `FECHA_REGISTRO`, `USUARIO_REGISTRO`, `APELLIDO1`, `APELLIDO1_MADRE`, `APELLIDO1_PADRE`, `APELLIDO2`, `APELLIDO2_MADRE`, `APELLIDO2_PADRE`, `FECHANAC`, `NOMBRE1`, `NOMBRE1_MADRE`, `NOMBRE1_PADRE`, `NOMBRE2`, `NOMBRE2_MADRE`, `NOMBRE2_PADRE`, `SEXO`, `CODIGO_CASA`) VALUES (18, 'server', '1', '0', '2017-05-22 00:00:00', 'admin', 'PEREZ', 'NA', 'NA', 'MEJIA', NULL, NULL, '2000-08-12 00:00:00', 'PAUL', 'NA', 'NA', 'ANTONIO', NULL, NULL, 'M', 5);
INSERT INTO `participantes` (`CODIGO`, `IDENTIFICADOR_EQUIPO`, `ESTADO`, `PASIVO`, `FECHA_REGISTRO`, `USUARIO_REGISTRO`, `APELLIDO1`, `APELLIDO1_MADRE`, `APELLIDO1_PADRE`, `APELLIDO2`, `APELLIDO2_MADRE`, `APELLIDO2_PADRE`, `FECHANAC`, `NOMBRE1`, `NOMBRE1_MADRE`, `NOMBRE1_PADRE`, `NOMBRE2`, `NOMBRE2_MADRE`, `NOMBRE2_PADRE`, `SEXO`, `CODIGO_CASA`) VALUES (31, 'server', '1', '0', '2017-05-22 00:00:00', 'admin', 'SOLIS', 'NA', 'NA', 'RODRIGUEZ', NULL, NULL, '2002-06-04 00:00:00', 'BRAYAN', 'NA', 'NA', 'DAVID', NULL, NULL, 'M', 10);
INSERT INTO `participantes` (`CODIGO`, `IDENTIFICADOR_EQUIPO`, `ESTADO`, `PASIVO`, `FECHA_REGISTRO`, `USUARIO_REGISTRO`, `APELLIDO1`, `APELLIDO1_MADRE`, `APELLIDO1_PADRE`, `APELLIDO2`, `APELLIDO2_MADRE`, `APELLIDO2_PADRE`, `FECHANAC`, `NOMBRE1`, `NOMBRE1_MADRE`, `NOMBRE1_PADRE`, `NOMBRE2`, `NOMBRE2_MADRE`, `NOMBRE2_PADRE`, `SEXO`, `CODIGO_CASA`) VALUES (45, 'server', '1', '0', '2017-05-22 00:00:00', 'admin', 'Guerrero', 'NA', 'NA', 'Crafford', NULL, NULL, '1999-12-31 00:00:00', 'Scarleth', 'NA', 'NA', 'De los Ángeles', NULL, NULL, 'F', 14);
INSERT INTO `participantes` (`CODIGO`, `IDENTIFICADOR_EQUIPO`, `ESTADO`, `PASIVO`, `FECHA_REGISTRO`, `USUARIO_REGISTRO`, `APELLIDO1`, `APELLIDO1_MADRE`, `APELLIDO1_PADRE`, `APELLIDO2`, `APELLIDO2_MADRE`, `APELLIDO2_PADRE`, `FECHANAC`, `NOMBRE1`, `NOMBRE1_MADRE`, `NOMBRE1_PADRE`, `NOMBRE2`, `NOMBRE2_MADRE`, `NOMBRE2_PADRE`, `SEXO`, `CODIGO_CASA`) VALUES (46, 'server', '1', '0', '2017-05-22 00:00:00', 'admin', 'GUERRERO', 'NA', 'NA', 'CRAFFORD', NULL, NULL, '2002-08-09 00:00:00', 'EMELINN', 'NA', 'NA', 'CECILIA', NULL, NULL, 'F', 14);
INSERT INTO `participantes` (`CODIGO`, `IDENTIFICADOR_EQUIPO`, `ESTADO`, `PASIVO`, `FECHA_REGISTRO`, `USUARIO_REGISTRO`, `APELLIDO1`, `APELLIDO1_MADRE`, `APELLIDO1_PADRE`, `APELLIDO2`, `APELLIDO2_MADRE`, `APELLIDO2_PADRE`, `FECHANAC`, `NOMBRE1`, `NOMBRE1_MADRE`, `NOMBRE1_PADRE`, `NOMBRE2`, `NOMBRE2_MADRE`, `NOMBRE2_PADRE`, `SEXO`, `CODIGO_CASA`) VALUES (54, 'server', '1', '0', '2017-05-22 00:00:00', 'admin', 'ESPINOZA', 'NA', 'NA', 'ROMERO', NULL, NULL, '2001-12-13 00:00:00', 'ALLAM', 'NA', 'NA', 'GABRIEL', NULL, NULL, 'M', 16);
INSERT INTO `participantes` (`CODIGO`, `IDENTIFICADOR_EQUIPO`, `ESTADO`, `PASIVO`, `FECHA_REGISTRO`, `USUARIO_REGISTRO`, `APELLIDO1`, `APELLIDO1_MADRE`, `APELLIDO1_PADRE`, `APELLIDO2`, `APELLIDO2_MADRE`, `APELLIDO2_PADRE`, `FECHANAC`, `NOMBRE1`, `NOMBRE1_MADRE`, `NOMBRE1_PADRE`, `NOMBRE2`, `NOMBRE2_MADRE`, `NOMBRE2_PADRE`, `SEXO`, `CODIGO_CASA`) VALUES (55, 'server', '1', '0', '2017-05-22 00:00:00', 'admin', 'ESPINOZA', 'NA', 'NA', 'ROMERO', NULL, NULL, '2000-02-15 00:00:00', 'MARCELO', 'NA', 'NA', 'ALEXANDER', NULL, NULL, 'M', 16);
INSERT INTO `participantes` (`CODIGO`, `IDENTIFICADOR_EQUIPO`, `ESTADO`, `PASIVO`, `FECHA_REGISTRO`, `USUARIO_REGISTRO`, `APELLIDO1`, `APELLIDO1_MADRE`, `APELLIDO1_PADRE`, `APELLIDO2`, `APELLIDO2_MADRE`, `APELLIDO2_PADRE`, `FECHANAC`, `NOMBRE1`, `NOMBRE1_MADRE`, `NOMBRE1_PADRE`, `NOMBRE2`, `NOMBRE2_MADRE`, `NOMBRE2_PADRE`, `SEXO`, `CODIGO_CASA`) VALUES (66, 'server', '1', '0', '2017-05-22 00:00:00', 'admin', 'López', 'NA', 'NA', 'Jirón', NULL, NULL, '2000-06-28 00:00:00', 'Jaquelin', 'NA', 'NA', 'Vanessa', NULL, NULL, 'F', 20);
INSERT INTO `participantes` (`CODIGO`, `IDENTIFICADOR_EQUIPO`, `ESTADO`, `PASIVO`, `FECHA_REGISTRO`, `USUARIO_REGISTRO`, `APELLIDO1`, `APELLIDO1_MADRE`, `APELLIDO1_PADRE`, `APELLIDO2`, `APELLIDO2_MADRE`, `APELLIDO2_PADRE`, `FECHANAC`, `NOMBRE1`, `NOMBRE1_MADRE`, `NOMBRE1_PADRE`, `NOMBRE2`, `NOMBRE2_MADRE`, `NOMBRE2_PADRE`, `SEXO`, `CODIGO_CASA`) VALUES (72, 'server', '1', '0', '2017-05-22 00:00:00', 'admin', 'Hernández', 'NA', 'NA', '', NULL, NULL, '2002-02-01 00:00:00', 'Eduardo', 'NA', 'NA', 'Javier', NULL, NULL, 'M', 22);
INSERT INTO `participantes` (`CODIGO`, `IDENTIFICADOR_EQUIPO`, `ESTADO`, `PASIVO`, `FECHA_REGISTRO`, `USUARIO_REGISTRO`, `APELLIDO1`, `APELLIDO1_MADRE`, `APELLIDO1_PADRE`, `APELLIDO2`, `APELLIDO2_MADRE`, `APELLIDO2_PADRE`, `FECHANAC`, `NOMBRE1`, `NOMBRE1_MADRE`, `NOMBRE1_PADRE`, `NOMBRE2`, `NOMBRE2_MADRE`, `NOMBRE2_PADRE`, `SEXO`, `CODIGO_CASA`) VALUES (80, 'server', '1', '0', '2017-05-22 00:00:00', 'admin', 'GRANERA ', 'NA', 'NA', 'MARTINEZ', NULL, NULL, '2002-10-11 00:00:00', 'EDWIN', 'NA', 'NA', 'DE LOS ANGELES', NULL, NULL, 'M', 25);
INSERT INTO `participantes` (`CODIGO`, `IDENTIFICADOR_EQUIPO`, `ESTADO`, `PASIVO`, `FECHA_REGISTRO`, `USUARIO_REGISTRO`, `APELLIDO1`, `APELLIDO1_MADRE`, `APELLIDO1_PADRE`, `APELLIDO2`, `APELLIDO2_MADRE`, `APELLIDO2_PADRE`, `FECHANAC`, `NOMBRE1`, `NOMBRE1_MADRE`, `NOMBRE1_PADRE`, `NOMBRE2`, `NOMBRE2_MADRE`, `NOMBRE2_PADRE`, `SEXO`, `CODIGO_CASA`) VALUES (100, 'server', '1', '0', '2017-05-22 00:00:00', 'admin', 'Aguinaga', 'NA', 'NA', 'Romero', NULL, NULL, '2001-07-01 00:00:00', 'Nayeli', 'NA', 'NA', 'Esperanza', NULL, NULL, 'F', 30);
INSERT INTO `participantes` (`CODIGO`, `IDENTIFICADOR_EQUIPO`, `ESTADO`, `PASIVO`, `FECHA_REGISTRO`, `USUARIO_REGISTRO`, `APELLIDO1`, `APELLIDO1_MADRE`, `APELLIDO1_PADRE`, `APELLIDO2`, `APELLIDO2_MADRE`, `APELLIDO2_PADRE`, `FECHANAC`, `NOMBRE1`, `NOMBRE1_MADRE`, `NOMBRE1_PADRE`, `NOMBRE2`, `NOMBRE2_MADRE`, `NOMBRE2_PADRE`, `SEXO`, `CODIGO_CASA`) VALUES (102, 'server', '1', '0', '2017-05-22 00:00:00', 'admin', 'Cruz', 'NA', 'NA', 'Benavente', NULL, NULL, '2002-07-08 00:00:00', 'Arelis', 'NA', 'NA', 'Jenivel', NULL, NULL, 'F', 31);
INSERT INTO `participantes` (`CODIGO`, `IDENTIFICADOR_EQUIPO`, `ESTADO`, `PASIVO`, `FECHA_REGISTRO`, `USUARIO_REGISTRO`, `APELLIDO1`, `APELLIDO1_MADRE`, `APELLIDO1_PADRE`, `APELLIDO2`, `APELLIDO2_MADRE`, `APELLIDO2_PADRE`, `FECHANAC`, `NOMBRE1`, `NOMBRE1_MADRE`, `NOMBRE1_PADRE`, `NOMBRE2`, `NOMBRE2_MADRE`, `NOMBRE2_PADRE`, `SEXO`, `CODIGO_CASA`) VALUES (103, 'server', '1', '0', '2017-05-22 00:00:00', 'admin', 'Vásquez', 'NA', 'NA', 'Benavente', NULL, NULL, '2000-11-27 00:00:00', 'Ludwin', 'NA', 'NA', 'Jampol', NULL, NULL, 'M', 31);
INSERT INTO `participantes` (`CODIGO`, `IDENTIFICADOR_EQUIPO`, `ESTADO`, `PASIVO`, `FECHA_REGISTRO`, `USUARIO_REGISTRO`, `APELLIDO1`, `APELLIDO1_MADRE`, `APELLIDO1_PADRE`, `APELLIDO2`, `APELLIDO2_MADRE`, `APELLIDO2_PADRE`, `FECHANAC`, `NOMBRE1`, `NOMBRE1_MADRE`, `NOMBRE1_PADRE`, `NOMBRE2`, `NOMBRE2_MADRE`, `NOMBRE2_PADRE`, `SEXO`, `CODIGO_CASA`) VALUES (105, 'server', '1', '0', '2017-05-22 00:00:00', 'admin', 'Gutiérrez', 'NA', 'NA', 'Nuñez', NULL, NULL, '1999-12-27 00:00:00', 'Moises', 'NA', 'NA', 'Jesús', NULL, NULL, 'M', 32);
INSERT INTO `participantes` (`CODIGO`, `IDENTIFICADOR_EQUIPO`, `ESTADO`, `PASIVO`, `FECHA_REGISTRO`, `USUARIO_REGISTRO`, `APELLIDO1`, `APELLIDO1_MADRE`, `APELLIDO1_PADRE`, `APELLIDO2`, `APELLIDO2_MADRE`, `APELLIDO2_PADRE`, `FECHANAC`, `NOMBRE1`, `NOMBRE1_MADRE`, `NOMBRE1_PADRE`, `NOMBRE2`, `NOMBRE2_MADRE`, `NOMBRE2_PADRE`, `SEXO`, `CODIGO_CASA`) VALUES (109, 'server', '1', '0', '2017-05-22 00:00:00', 'admin', 'Flores ', 'NA', 'NA', 'Solano', NULL, NULL, '2000-07-25 00:00:00', 'Maykel', 'NA', 'NA', 'Michaell', NULL, NULL, 'M', 34);
INSERT INTO `participantes` (`CODIGO`, `IDENTIFICADOR_EQUIPO`, `ESTADO`, `PASIVO`, `FECHA_REGISTRO`, `USUARIO_REGISTRO`, `APELLIDO1`, `APELLIDO1_MADRE`, `APELLIDO1_PADRE`, `APELLIDO2`, `APELLIDO2_MADRE`, `APELLIDO2_PADRE`, `FECHANAC`, `NOMBRE1`, `NOMBRE1_MADRE`, `NOMBRE1_PADRE`, `NOMBRE2`, `NOMBRE2_MADRE`, `NOMBRE2_PADRE`, `SEXO`, `CODIGO_CASA`) VALUES (120, 'server', '1', '0', '2017-05-22 00:00:00', 'admin', 'Talavera', 'NA', 'NA', 'Gutiérrez', NULL, NULL, '2000-12-08 00:00:00', 'Carlos ', 'NA', 'NA', 'Antonio', NULL, NULL, 'M', 36);
INSERT INTO `participantes` (`CODIGO`, `IDENTIFICADOR_EQUIPO`, `ESTADO`, `PASIVO`, `FECHA_REGISTRO`, `USUARIO_REGISTRO`, `APELLIDO1`, `APELLIDO1_MADRE`, `APELLIDO1_PADRE`, `APELLIDO2`, `APELLIDO2_MADRE`, `APELLIDO2_PADRE`, `FECHANAC`, `NOMBRE1`, `NOMBRE1_MADRE`, `NOMBRE1_PADRE`, `NOMBRE2`, `NOMBRE2_MADRE`, `NOMBRE2_PADRE`, `SEXO`, `CODIGO_CASA`) VALUES (122, 'server', '1', '0', '2017-05-22 00:00:00', 'admin', 'Blandón', 'NA', 'NA', 'Dávila', NULL, NULL, '2002-03-01 00:00:00', 'Ashley', 'NA', 'NA', 'Massiel', NULL, NULL, 'F', 37);
INSERT INTO `participantes` (`CODIGO`, `IDENTIFICADOR_EQUIPO`, `ESTADO`, `PASIVO`, `FECHA_REGISTRO`, `USUARIO_REGISTRO`, `APELLIDO1`, `APELLIDO1_MADRE`, `APELLIDO1_PADRE`, `APELLIDO2`, `APELLIDO2_MADRE`, `APELLIDO2_PADRE`, `FECHANAC`, `NOMBRE1`, `NOMBRE1_MADRE`, `NOMBRE1_PADRE`, `NOMBRE2`, `NOMBRE2_MADRE`, `NOMBRE2_PADRE`, `SEXO`, `CODIGO_CASA`) VALUES (125, 'server', '1', '0', '2017-05-22 00:00:00', 'admin', 'Pérez ', 'NA', 'NA', 'Brenes', NULL, NULL, '2000-10-09 00:00:00', 'Yerild', 'NA', 'NA', 'Hazgard', NULL, NULL, 'M', 38);
INSERT INTO `participantes` (`CODIGO`, `IDENTIFICADOR_EQUIPO`, `ESTADO`, `PASIVO`, `FECHA_REGISTRO`, `USUARIO_REGISTRO`, `APELLIDO1`, `APELLIDO1_MADRE`, `APELLIDO1_PADRE`, `APELLIDO2`, `APELLIDO2_MADRE`, `APELLIDO2_PADRE`, `FECHANAC`, `NOMBRE1`, `NOMBRE1_MADRE`, `NOMBRE1_PADRE`, `NOMBRE2`, `NOMBRE2_MADRE`, `NOMBRE2_PADRE`, `SEXO`, `CODIGO_CASA`) VALUES (135, 'server', '1', '0', '2017-05-22 00:00:00', 'admin', 'Castro ', 'NA', 'NA', 'de la O', NULL, NULL, '2000-04-17 00:00:00', 'Denis', 'NA', 'NA', 'Abdeel', NULL, NULL, 'M', 39);
INSERT INTO `participantes` (`CODIGO`, `IDENTIFICADOR_EQUIPO`, `ESTADO`, `PASIVO`, `FECHA_REGISTRO`, `USUARIO_REGISTRO`, `APELLIDO1`, `APELLIDO1_MADRE`, `APELLIDO1_PADRE`, `APELLIDO2`, `APELLIDO2_MADRE`, `APELLIDO2_PADRE`, `FECHANAC`, `NOMBRE1`, `NOMBRE1_MADRE`, `NOMBRE1_PADRE`, `NOMBRE2`, `NOMBRE2_MADRE`, `NOMBRE2_PADRE`, `SEXO`, `CODIGO_CASA`) VALUES (148, 'server', '1', '0', '2017-05-22 00:00:00', 'admin', 'BUSTAMANTE', 'NA', 'NA', 'URBINA', NULL, NULL, '2001-03-06 00:00:00', 'JUAN', 'NA', 'NA', 'CARLOS', NULL, NULL, 'M', 41);
INSERT INTO `participantes` (`CODIGO`, `IDENTIFICADOR_EQUIPO`, `ESTADO`, `PASIVO`, `FECHA_REGISTRO`, `USUARIO_REGISTRO`, `APELLIDO1`, `APELLIDO1_MADRE`, `APELLIDO1_PADRE`, `APELLIDO2`, `APELLIDO2_MADRE`, `APELLIDO2_PADRE`, `FECHANAC`, `NOMBRE1`, `NOMBRE1_MADRE`, `NOMBRE1_PADRE`, `NOMBRE2`, `NOMBRE2_MADRE`, `NOMBRE2_PADRE`, `SEXO`, `CODIGO_CASA`) VALUES (160, 'server', '1', '0', '2017-05-22 00:00:00', 'admin', 'RODRIGUEZ', 'NA', 'NA', 'BUSTAMANTE', NULL, NULL, '2001-06-25 00:00:00', 'RAMIRO', 'NA', 'NA', 'JOSE', NULL, NULL, 'M', 44);
INSERT INTO `participantes` (`CODIGO`, `IDENTIFICADOR_EQUIPO`, `ESTADO`, `PASIVO`, `FECHA_REGISTRO`, `USUARIO_REGISTRO`, `APELLIDO1`, `APELLIDO1_MADRE`, `APELLIDO1_PADRE`, `APELLIDO2`, `APELLIDO2_MADRE`, `APELLIDO2_PADRE`, `FECHANAC`, `NOMBRE1`, `NOMBRE1_MADRE`, `NOMBRE1_PADRE`, `NOMBRE2`, `NOMBRE2_MADRE`, `NOMBRE2_PADRE`, `SEXO`, `CODIGO_CASA`) VALUES (165, 'server', '1', '0', '2017-05-22 00:00:00', 'admin', 'RODRIGUEZ', 'NA', 'NA', 'ARAUZ', NULL, NULL, '2000-03-28 00:00:00', 'MARIA', 'NA', 'NA', 'CELESTE', NULL, NULL, 'F', 46);
INSERT INTO `participantes` (`CODIGO`, `IDENTIFICADOR_EQUIPO`, `ESTADO`, `PASIVO`, `FECHA_REGISTRO`, `USUARIO_REGISTRO`, `APELLIDO1`, `APELLIDO1_MADRE`, `APELLIDO1_PADRE`, `APELLIDO2`, `APELLIDO2_MADRE`, `APELLIDO2_PADRE`, `FECHANAC`, `NOMBRE1`, `NOMBRE1_MADRE`, `NOMBRE1_PADRE`, `NOMBRE2`, `NOMBRE2_MADRE`, `NOMBRE2_PADRE`, `SEXO`, `CODIGO_CASA`) VALUES (168, 'server', '1', '0', '2017-05-22 00:00:00', 'admin', 'Orozco', 'NA', 'NA', 'Solis', NULL, NULL, '2001-04-14 00:00:00', 'Andrea', 'NA', 'NA', 'Leticia', NULL, NULL, 'F', 47);
INSERT INTO `participantes` (`CODIGO`, `IDENTIFICADOR_EQUIPO`, `ESTADO`, `PASIVO`, `FECHA_REGISTRO`, `USUARIO_REGISTRO`, `APELLIDO1`, `APELLIDO1_MADRE`, `APELLIDO1_PADRE`, `APELLIDO2`, `APELLIDO2_MADRE`, `APELLIDO2_PADRE`, `FECHANAC`, `NOMBRE1`, `NOMBRE1_MADRE`, `NOMBRE1_PADRE`, `NOMBRE2`, `NOMBRE2_MADRE`, `NOMBRE2_PADRE`, `SEXO`, `CODIGO_CASA`) VALUES (171, 'server', '1', '0', '2017-05-22 00:00:00', 'admin', 'GADEA', 'NA', 'NA', 'BARRIOS', NULL, NULL, '2001-06-07 00:00:00', 'LEONARDO', 'NA', 'NA', 'EMANUEL', NULL, NULL, 'M', 48);
INSERT INTO `participantes` (`CODIGO`, `IDENTIFICADOR_EQUIPO`, `ESTADO`, `PASIVO`, `FECHA_REGISTRO`, `USUARIO_REGISTRO`, `APELLIDO1`, `APELLIDO1_MADRE`, `APELLIDO1_PADRE`, `APELLIDO2`, `APELLIDO2_MADRE`, `APELLIDO2_PADRE`, `FECHANAC`, `NOMBRE1`, `NOMBRE1_MADRE`, `NOMBRE1_PADRE`, `NOMBRE2`, `NOMBRE2_MADRE`, `NOMBRE2_PADRE`, `SEXO`, `CODIGO_CASA`) VALUES (179, 'server', '1', '0', '2017-05-22 00:00:00', 'admin', 'RIVERA', 'NA', 'NA', 'GUTIERREZ', NULL, NULL, '2000-04-05 00:00:00', 'ROBERTO', 'NA', 'NA', 'MANUEL', NULL, NULL, 'M', 51);
INSERT INTO `participantes` (`CODIGO`, `IDENTIFICADOR_EQUIPO`, `ESTADO`, `PASIVO`, `FECHA_REGISTRO`, `USUARIO_REGISTRO`, `APELLIDO1`, `APELLIDO1_MADRE`, `APELLIDO1_PADRE`, `APELLIDO2`, `APELLIDO2_MADRE`, `APELLIDO2_PADRE`, `FECHANAC`, `NOMBRE1`, `NOMBRE1_MADRE`, `NOMBRE1_PADRE`, `NOMBRE2`, `NOMBRE2_MADRE`, `NOMBRE2_PADRE`, `SEXO`, `CODIGO_CASA`) VALUES (180, 'server', '1', '0', '2017-05-22 00:00:00', 'admin', 'RIVERA', 'NA', 'NA', 'GUTIERREZ', NULL, NULL, '2002-09-06 00:00:00', 'MILENA', 'NA', 'NA', 'DE LOS ANGELES', NULL, NULL, 'F', 51);
INSERT INTO `participantes` (`CODIGO`, `IDENTIFICADOR_EQUIPO`, `ESTADO`, `PASIVO`, `FECHA_REGISTRO`, `USUARIO_REGISTRO`, `APELLIDO1`, `APELLIDO1_MADRE`, `APELLIDO1_PADRE`, `APELLIDO2`, `APELLIDO2_MADRE`, `APELLIDO2_PADRE`, `FECHANAC`, `NOMBRE1`, `NOMBRE1_MADRE`, `NOMBRE1_PADRE`, `NOMBRE2`, `NOMBRE2_MADRE`, `NOMBRE2_PADRE`, `SEXO`, `CODIGO_CASA`) VALUES (181, 'server', '1', '0', '2017-05-22 00:00:00', 'admin', 'GUTIERREZ', 'NA', 'NA', 'NARVAEZ', NULL, NULL, '2001-08-01 00:00:00', 'MARIO', 'NA', 'NA', 'ROBERTO', NULL, NULL, 'M', 52);
INSERT INTO `participantes` (`CODIGO`, `IDENTIFICADOR_EQUIPO`, `ESTADO`, `PASIVO`, `FECHA_REGISTRO`, `USUARIO_REGISTRO`, `APELLIDO1`, `APELLIDO1_MADRE`, `APELLIDO1_PADRE`, `APELLIDO2`, `APELLIDO2_MADRE`, `APELLIDO2_PADRE`, `FECHANAC`, `NOMBRE1`, `NOMBRE1_MADRE`, `NOMBRE1_PADRE`, `NOMBRE2`, `NOMBRE2_MADRE`, `NOMBRE2_PADRE`, `SEXO`, `CODIGO_CASA`) VALUES (190, 'server', '1', '0', '2017-05-22 00:00:00', 'admin', 'LOPEZ', 'NA', 'NA', 'ACEVEDO', NULL, NULL, '2000-10-24 00:00:00', 'ALISSON', 'NA', 'NA', 'ARGENTINA', NULL, NULL, 'F', 55);
INSERT INTO `participantes` (`CODIGO`, `IDENTIFICADOR_EQUIPO`, `ESTADO`, `PASIVO`, `FECHA_REGISTRO`, `USUARIO_REGISTRO`, `APELLIDO1`, `APELLIDO1_MADRE`, `APELLIDO1_PADRE`, `APELLIDO2`, `APELLIDO2_MADRE`, `APELLIDO2_PADRE`, `FECHANAC`, `NOMBRE1`, `NOMBRE1_MADRE`, `NOMBRE1_PADRE`, `NOMBRE2`, `NOMBRE2_MADRE`, `NOMBRE2_PADRE`, `SEXO`, `CODIGO_CASA`) VALUES (193, 'server', '1', '0', '2017-05-22 00:00:00', 'admin', 'Morales', 'NA', 'NA', 'García', NULL, NULL, '2000-04-25 00:00:00', 'Adela', 'NA', 'NA', 'Esmeralda', NULL, NULL, 'F', 56);
INSERT INTO `participantes` (`CODIGO`, `IDENTIFICADOR_EQUIPO`, `ESTADO`, `PASIVO`, `FECHA_REGISTRO`, `USUARIO_REGISTRO`, `APELLIDO1`, `APELLIDO1_MADRE`, `APELLIDO1_PADRE`, `APELLIDO2`, `APELLIDO2_MADRE`, `APELLIDO2_PADRE`, `FECHANAC`, `NOMBRE1`, `NOMBRE1_MADRE`, `NOMBRE1_PADRE`, `NOMBRE2`, `NOMBRE2_MADRE`, `NOMBRE2_PADRE`, `SEXO`, `CODIGO_CASA`) VALUES (194, 'server', '1', '0', '2017-05-22 00:00:00', 'admin', 'García', 'NA', 'NA', '', NULL, NULL, '2000-08-14 00:00:00', 'Carlos', 'NA', 'NA', 'Mauricio', NULL, NULL, 'M', 56);
INSERT INTO `participantes` (`CODIGO`, `IDENTIFICADOR_EQUIPO`, `ESTADO`, `PASIVO`, `FECHA_REGISTRO`, `USUARIO_REGISTRO`, `APELLIDO1`, `APELLIDO1_MADRE`, `APELLIDO1_PADRE`, `APELLIDO2`, `APELLIDO2_MADRE`, `APELLIDO2_PADRE`, `FECHANAC`, `NOMBRE1`, `NOMBRE1_MADRE`, `NOMBRE1_PADRE`, `NOMBRE2`, `NOMBRE2_MADRE`, `NOMBRE2_PADRE`, `SEXO`, `CODIGO_CASA`) VALUES (200, 'server', '1', '0', '2017-05-22 00:00:00', 'admin', 'Guzmán', 'NA', 'NA', 'Corrales', NULL, NULL, '2001-05-09 00:00:00', 'Jeymi ', 'NA', 'NA', 'Juliana', NULL, NULL, 'F', 59);
INSERT INTO `participantes` (`CODIGO`, `IDENTIFICADOR_EQUIPO`, `ESTADO`, `PASIVO`, `FECHA_REGISTRO`, `USUARIO_REGISTRO`, `APELLIDO1`, `APELLIDO1_MADRE`, `APELLIDO1_PADRE`, `APELLIDO2`, `APELLIDO2_MADRE`, `APELLIDO2_PADRE`, `FECHANAC`, `NOMBRE1`, `NOMBRE1_MADRE`, `NOMBRE1_PADRE`, `NOMBRE2`, `NOMBRE2_MADRE`, `NOMBRE2_PADRE`, `SEXO`, `CODIGO_CASA`) VALUES (201, 'server', '1', '0', '2017-05-22 00:00:00', 'admin', 'Corrales', 'NA', 'NA', 'Castillo', NULL, NULL, '2001-08-21 00:00:00', 'Calley', 'NA', 'NA', 'José', NULL, NULL, 'M', 59);
INSERT INTO `participantes` (`CODIGO`, `IDENTIFICADOR_EQUIPO`, `ESTADO`, `PASIVO`, `FECHA_REGISTRO`, `USUARIO_REGISTRO`, `APELLIDO1`, `APELLIDO1_MADRE`, `APELLIDO1_PADRE`, `APELLIDO2`, `APELLIDO2_MADRE`, `APELLIDO2_PADRE`, `FECHANAC`, `NOMBRE1`, `NOMBRE1_MADRE`, `NOMBRE1_PADRE`, `NOMBRE2`, `NOMBRE2_MADRE`, `NOMBRE2_PADRE`, `SEXO`, `CODIGO_CASA`) VALUES (219, 'server', '1', '0', '2017-05-22 00:00:00', 'admin', 'VASQUEZ', 'NA', 'NA', 'LLANOS', NULL, NULL, '2001-12-18 00:00:00', 'KENI', 'NA', 'NA', 'YAIR', NULL, NULL, 'M', 63);
INSERT INTO `participantes` (`CODIGO`, `IDENTIFICADOR_EQUIPO`, `ESTADO`, `PASIVO`, `FECHA_REGISTRO`, `USUARIO_REGISTRO`, `APELLIDO1`, `APELLIDO1_MADRE`, `APELLIDO1_PADRE`, `APELLIDO2`, `APELLIDO2_MADRE`, `APELLIDO2_PADRE`, `FECHANAC`, `NOMBRE1`, `NOMBRE1_MADRE`, `NOMBRE1_PADRE`, `NOMBRE2`, `NOMBRE2_MADRE`, `NOMBRE2_PADRE`, `SEXO`, `CODIGO_CASA`) VALUES (223, 'server', '1', '0', '2017-05-22 00:00:00', 'admin', 'CALDERON', 'NA', 'NA', 'FONSECA', NULL, NULL, '2000-09-03 00:00:00', 'MADELING', 'NA', 'NA', 'DEL SOCORRO', NULL, NULL, 'F', 65);
INSERT INTO `participantes` (`CODIGO`, `IDENTIFICADOR_EQUIPO`, `ESTADO`, `PASIVO`, `FECHA_REGISTRO`, `USUARIO_REGISTRO`, `APELLIDO1`, `APELLIDO1_MADRE`, `APELLIDO1_PADRE`, `APELLIDO2`, `APELLIDO2_MADRE`, `APELLIDO2_PADRE`, `FECHANAC`, `NOMBRE1`, `NOMBRE1_MADRE`, `NOMBRE1_PADRE`, `NOMBRE2`, `NOMBRE2_MADRE`, `NOMBRE2_PADRE`, `SEXO`, `CODIGO_CASA`) VALUES (224, 'server', '1', '0', '2017-05-22 00:00:00', 'admin', 'FONSECA', 'NA', 'NA', '', NULL, NULL, '2000-09-29 00:00:00', 'GABRIEL', 'NA', 'NA', 'RAFAEL', NULL, NULL, 'M', 65);
INSERT INTO `participantes` (`CODIGO`, `IDENTIFICADOR_EQUIPO`, `ESTADO`, `PASIVO`, `FECHA_REGISTRO`, `USUARIO_REGISTRO`, `APELLIDO1`, `APELLIDO1_MADRE`, `APELLIDO1_PADRE`, `APELLIDO2`, `APELLIDO2_MADRE`, `APELLIDO2_PADRE`, `FECHANAC`, `NOMBRE1`, `NOMBRE1_MADRE`, `NOMBRE1_PADRE`, `NOMBRE2`, `NOMBRE2_MADRE`, `NOMBRE2_PADRE`, `SEXO`, `CODIGO_CASA`) VALUES (229, 'server', '1', '0', '2017-05-22 00:00:00', 'admin', 'OBANDO', 'NA', 'NA', 'SALGADO', NULL, NULL, '2000-12-15 00:00:00', 'GRETA ', 'NA', 'NA', 'SOLEDAD', NULL, NULL, 'F', 66);
INSERT INTO `participantes` (`CODIGO`, `IDENTIFICADOR_EQUIPO`, `ESTADO`, `PASIVO`, `FECHA_REGISTRO`, `USUARIO_REGISTRO`, `APELLIDO1`, `APELLIDO1_MADRE`, `APELLIDO1_PADRE`, `APELLIDO2`, `APELLIDO2_MADRE`, `APELLIDO2_PADRE`, `FECHANAC`, `NOMBRE1`, `NOMBRE1_MADRE`, `NOMBRE1_PADRE`, `NOMBRE2`, `NOMBRE2_MADRE`, `NOMBRE2_PADRE`, `SEXO`, `CODIGO_CASA`) VALUES (235, 'server', '1', '0', '2017-05-22 00:00:00', 'admin', 'RIOS', 'NA', 'NA', 'GARAY', NULL, NULL, '2001-02-07 00:00:00', 'EDDY', 'NA', 'NA', 'ALEXANDER', NULL, NULL, 'M', 67);
INSERT INTO `participantes` (`CODIGO`, `IDENTIFICADOR_EQUIPO`, `ESTADO`, `PASIVO`, `FECHA_REGISTRO`, `USUARIO_REGISTRO`, `APELLIDO1`, `APELLIDO1_MADRE`, `APELLIDO1_PADRE`, `APELLIDO2`, `APELLIDO2_MADRE`, `APELLIDO2_PADRE`, `FECHANAC`, `NOMBRE1`, `NOMBRE1_MADRE`, `NOMBRE1_PADRE`, `NOMBRE2`, `NOMBRE2_MADRE`, `NOMBRE2_PADRE`, `SEXO`, `CODIGO_CASA`) VALUES (239, 'server', '1', '0', '2017-05-22 00:00:00', 'admin', 'GARCIA', 'NA', 'NA', 'PEREZ', NULL, NULL, '2001-12-29 00:00:00', 'LESTHER', 'NA', 'NA', 'ELEAZER', NULL, NULL, 'M', 69);
INSERT INTO `participantes` (`CODIGO`, `IDENTIFICADOR_EQUIPO`, `ESTADO`, `PASIVO`, `FECHA_REGISTRO`, `USUARIO_REGISTRO`, `APELLIDO1`, `APELLIDO1_MADRE`, `APELLIDO1_PADRE`, `APELLIDO2`, `APELLIDO2_MADRE`, `APELLIDO2_PADRE`, `FECHANAC`, `NOMBRE1`, `NOMBRE1_MADRE`, `NOMBRE1_PADRE`, `NOMBRE2`, `NOMBRE2_MADRE`, `NOMBRE2_PADRE`, `SEXO`, `CODIGO_CASA`) VALUES (252, 'server', '1', '0', '2017-05-22 00:00:00', 'admin', 'ESCOBAR', 'NA', 'NA', 'MUÑOZ', NULL, NULL, '2001-12-03 00:00:00', 'NATALIA', 'NA', 'NA', 'DE LOS ANGELES', NULL, NULL, 'F', 72);
INSERT INTO `participantes` (`CODIGO`, `IDENTIFICADOR_EQUIPO`, `ESTADO`, `PASIVO`, `FECHA_REGISTRO`, `USUARIO_REGISTRO`, `APELLIDO1`, `APELLIDO1_MADRE`, `APELLIDO1_PADRE`, `APELLIDO2`, `APELLIDO2_MADRE`, `APELLIDO2_PADRE`, `FECHANAC`, `NOMBRE1`, `NOMBRE1_MADRE`, `NOMBRE1_PADRE`, `NOMBRE2`, `NOMBRE2_MADRE`, `NOMBRE2_PADRE`, `SEXO`, `CODIGO_CASA`) VALUES (253, 'server', '1', '0', '2017-05-22 00:00:00', 'admin', 'BALTODANO', 'NA', 'NA', '', NULL, NULL, '2000-05-15 00:00:00', 'LILIANA', 'NA', 'NA', 'ELIZABETH', NULL, NULL, 'F', 72);
INSERT INTO `participantes` (`CODIGO`, `IDENTIFICADOR_EQUIPO`, `ESTADO`, `PASIVO`, `FECHA_REGISTRO`, `USUARIO_REGISTRO`, `APELLIDO1`, `APELLIDO1_MADRE`, `APELLIDO1_PADRE`, `APELLIDO2`, `APELLIDO2_MADRE`, `APELLIDO2_PADRE`, `FECHANAC`, `NOMBRE1`, `NOMBRE1_MADRE`, `NOMBRE1_PADRE`, `NOMBRE2`, `NOMBRE2_MADRE`, `NOMBRE2_PADRE`, `SEXO`, `CODIGO_CASA`) VALUES (254, 'server', '1', '0', '2017-05-22 00:00:00', 'admin', 'CASTRO', 'NA', 'NA', 'CARDENAL', NULL, NULL, '2002-08-26 00:00:00', 'ANGIE', 'NA', 'NA', 'MARCELA', NULL, NULL, 'F', 73);
INSERT INTO `participantes` (`CODIGO`, `IDENTIFICADOR_EQUIPO`, `ESTADO`, `PASIVO`, `FECHA_REGISTRO`, `USUARIO_REGISTRO`, `APELLIDO1`, `APELLIDO1_MADRE`, `APELLIDO1_PADRE`, `APELLIDO2`, `APELLIDO2_MADRE`, `APELLIDO2_PADRE`, `FECHANAC`, `NOMBRE1`, `NOMBRE1_MADRE`, `NOMBRE1_PADRE`, `NOMBRE2`, `NOMBRE2_MADRE`, `NOMBRE2_PADRE`, `SEXO`, `CODIGO_CASA`) VALUES (266, 'server', '1', '0', '2017-05-22 00:00:00', 'admin', 'DUARTE', 'NA', 'NA', 'SILVA', NULL, NULL, '2001-10-28 00:00:00', 'SEFORA', 'NA', 'NA', 'DE LOS ANGELES', NULL, NULL, 'F', 79);
INSERT INTO `participantes` (`CODIGO`, `IDENTIFICADOR_EQUIPO`, `ESTADO`, `PASIVO`, `FECHA_REGISTRO`, `USUARIO_REGISTRO`, `APELLIDO1`, `APELLIDO1_MADRE`, `APELLIDO1_PADRE`, `APELLIDO2`, `APELLIDO2_MADRE`, `APELLIDO2_PADRE`, `FECHANAC`, `NOMBRE1`, `NOMBRE1_MADRE`, `NOMBRE1_PADRE`, `NOMBRE2`, `NOMBRE2_MADRE`, `NOMBRE2_PADRE`, `SEXO`, `CODIGO_CASA`) VALUES (296, 'server', '1', '0', '2017-05-22 00:00:00', 'admin', 'CANIZALES', 'NA', 'NA', 'SILVA', NULL, NULL, '2001-12-27 00:00:00', 'BRYAN', 'NA', 'NA', 'ALEXANDER', NULL, NULL, 'M', 87);
INSERT INTO `participantes` (`CODIGO`, `IDENTIFICADOR_EQUIPO`, `ESTADO`, `PASIVO`, `FECHA_REGISTRO`, `USUARIO_REGISTRO`, `APELLIDO1`, `APELLIDO1_MADRE`, `APELLIDO1_PADRE`, `APELLIDO2`, `APELLIDO2_MADRE`, `APELLIDO2_PADRE`, `FECHANAC`, `NOMBRE1`, `NOMBRE1_MADRE`, `NOMBRE1_PADRE`, `NOMBRE2`, `NOMBRE2_MADRE`, `NOMBRE2_PADRE`, `SEXO`, `CODIGO_CASA`) VALUES (301, 'server', '1', '0', '2017-05-22 00:00:00', 'admin', 'SALGADO', 'NA', 'NA', 'PANIAGUA', NULL, NULL, '2001-01-28 00:00:00', 'OLVIA ', 'NA', 'NA', 'JANICSA', NULL, NULL, 'F', 88);
INSERT INTO `participantes` (`CODIGO`, `IDENTIFICADOR_EQUIPO`, `ESTADO`, `PASIVO`, `FECHA_REGISTRO`, `USUARIO_REGISTRO`, `APELLIDO1`, `APELLIDO1_MADRE`, `APELLIDO1_PADRE`, `APELLIDO2`, `APELLIDO2_MADRE`, `APELLIDO2_PADRE`, `FECHANAC`, `NOMBRE1`, `NOMBRE1_MADRE`, `NOMBRE1_PADRE`, `NOMBRE2`, `NOMBRE2_MADRE`, `NOMBRE2_PADRE`, `SEXO`, `CODIGO_CASA`) VALUES (305, 'server', '1', '0', '2017-05-22 00:00:00', 'admin', 'SANCHEZ', 'NA', 'NA', 'PEREIRA', NULL, NULL, '2002-08-28 00:00:00', 'GUADALUPE', 'NA', 'NA', 'AUXILIADORA', NULL, NULL, 'F', 92);
INSERT INTO `participantes` (`CODIGO`, `IDENTIFICADOR_EQUIPO`, `ESTADO`, `PASIVO`, `FECHA_REGISTRO`, `USUARIO_REGISTRO`, `APELLIDO1`, `APELLIDO1_MADRE`, `APELLIDO1_PADRE`, `APELLIDO2`, `APELLIDO2_MADRE`, `APELLIDO2_PADRE`, `FECHANAC`, `NOMBRE1`, `NOMBRE1_MADRE`, `NOMBRE1_PADRE`, `NOMBRE2`, `NOMBRE2_MADRE`, `NOMBRE2_PADRE`, `SEXO`, `CODIGO_CASA`) VALUES (306, 'server', '1', '0', '2017-05-22 00:00:00', 'admin', 'OCAMPO', 'NA', 'NA', 'LOPEZ', NULL, NULL, '2001-01-10 00:00:00', 'ODALYS', 'NA', 'NA', 'SARAI', NULL, NULL, 'F', 90);
INSERT INTO `participantes` (`CODIGO`, `IDENTIFICADOR_EQUIPO`, `ESTADO`, `PASIVO`, `FECHA_REGISTRO`, `USUARIO_REGISTRO`, `APELLIDO1`, `APELLIDO1_MADRE`, `APELLIDO1_PADRE`, `APELLIDO2`, `APELLIDO2_MADRE`, `APELLIDO2_PADRE`, `FECHANAC`, `NOMBRE1`, `NOMBRE1_MADRE`, `NOMBRE1_PADRE`, `NOMBRE2`, `NOMBRE2_MADRE`, `NOMBRE2_PADRE`, `SEXO`, `CODIGO_CASA`) VALUES (309, 'server', '1', '0', '2017-05-22 00:00:00', 'admin', 'BLANCO', 'NA', 'NA', 'SILVA', NULL, NULL, '2001-08-13 00:00:00', 'BRISA', 'NA', 'NA', 'DE LOS ANGELES', NULL, NULL, 'F', 91);
INSERT INTO `participantes` (`CODIGO`, `IDENTIFICADOR_EQUIPO`, `ESTADO`, `PASIVO`, `FECHA_REGISTRO`, `USUARIO_REGISTRO`, `APELLIDO1`, `APELLIDO1_MADRE`, `APELLIDO1_PADRE`, `APELLIDO2`, `APELLIDO2_MADRE`, `APELLIDO2_PADRE`, `FECHANAC`, `NOMBRE1`, `NOMBRE1_MADRE`, `NOMBRE1_PADRE`, `NOMBRE2`, `NOMBRE2_MADRE`, `NOMBRE2_PADRE`, `SEXO`, `CODIGO_CASA`) VALUES (315, 'server', '1', '0', '2017-05-22 00:00:00', 'admin', 'SANCHEZ', 'NA', 'NA', 'PEREIRA', NULL, NULL, '2000-07-31 00:00:00', 'JENIFER', 'NA', 'NA', 'FABIOLA', NULL, NULL, 'F', 92);
INSERT INTO `participantes` (`CODIGO`, `IDENTIFICADOR_EQUIPO`, `ESTADO`, `PASIVO`, `FECHA_REGISTRO`, `USUARIO_REGISTRO`, `APELLIDO1`, `APELLIDO1_MADRE`, `APELLIDO1_PADRE`, `APELLIDO2`, `APELLIDO2_MADRE`, `APELLIDO2_PADRE`, `FECHANAC`, `NOMBRE1`, `NOMBRE1_MADRE`, `NOMBRE1_PADRE`, `NOMBRE2`, `NOMBRE2_MADRE`, `NOMBRE2_PADRE`, `SEXO`, `CODIGO_CASA`) VALUES (317, 'server', '1', '0', '2017-05-22 00:00:00', 'admin', 'NUÑEZ', 'NA', 'NA', 'GOMEZ', NULL, NULL, '2001-08-09 00:00:00', 'ORLANDO', 'NA', 'NA', 'FRANCISCO', NULL, NULL, 'M', 93);
INSERT INTO `participantes` (`CODIGO`, `IDENTIFICADOR_EQUIPO`, `ESTADO`, `PASIVO`, `FECHA_REGISTRO`, `USUARIO_REGISTRO`, `APELLIDO1`, `APELLIDO1_MADRE`, `APELLIDO1_PADRE`, `APELLIDO2`, `APELLIDO2_MADRE`, `APELLIDO2_PADRE`, `FECHANAC`, `NOMBRE1`, `NOMBRE1_MADRE`, `NOMBRE1_PADRE`, `NOMBRE2`, `NOMBRE2_MADRE`, `NOMBRE2_PADRE`, `SEXO`, `CODIGO_CASA`) VALUES (318, 'server', '1', '0', '2017-05-22 00:00:00', 'admin', 'NUÑEZ', 'NA', 'NA', 'GOMEZ', NULL, NULL, '2000-03-02 00:00:00', 'MEYLIN ', 'NA', 'NA', 'DE LOS ANGELES', NULL, NULL, 'F', 93);
INSERT INTO `participantes` (`CODIGO`, `IDENTIFICADOR_EQUIPO`, `ESTADO`, `PASIVO`, `FECHA_REGISTRO`, `USUARIO_REGISTRO`, `APELLIDO1`, `APELLIDO1_MADRE`, `APELLIDO1_PADRE`, `APELLIDO2`, `APELLIDO2_MADRE`, `APELLIDO2_PADRE`, `FECHANAC`, `NOMBRE1`, `NOMBRE1_MADRE`, `NOMBRE1_PADRE`, `NOMBRE2`, `NOMBRE2_MADRE`, `NOMBRE2_PADRE`, `SEXO`, `CODIGO_CASA`) VALUES (341, 'server', '1', '0', '2017-05-22 00:00:00', 'admin', 'ARCE', 'NA', 'NA', 'VARGAS', NULL, NULL, '2002-01-18 00:00:00', 'ENOC', 'NA', 'NA', 'ENMANUEL', NULL, NULL, 'M', 99);
INSERT INTO `participantes` (`CODIGO`, `IDENTIFICADOR_EQUIPO`, `ESTADO`, `PASIVO`, `FECHA_REGISTRO`, `USUARIO_REGISTRO`, `APELLIDO1`, `APELLIDO1_MADRE`, `APELLIDO1_PADRE`, `APELLIDO2`, `APELLIDO2_MADRE`, `APELLIDO2_PADRE`, `FECHANAC`, `NOMBRE1`, `NOMBRE1_MADRE`, `NOMBRE1_PADRE`, `NOMBRE2`, `NOMBRE2_MADRE`, `NOMBRE2_PADRE`, `SEXO`, `CODIGO_CASA`) VALUES (8165, 'server', '1', '0', '2017-05-22 00:00:00', 'admin', 'MENOCAL', 'IVANIA FARIÑA ROMERO', 'PABLO MENOCAL', 'FARIÑA', NULL, NULL, '2014-02-20 00:00:00', 'LAYHANIE', 'OSCARINA', 'JUAN', 'PAULINA', NULL, NULL, 'F', 2956);
INSERT INTO `participantes` (`CODIGO`, `IDENTIFICADOR_EQUIPO`, `ESTADO`, `PASIVO`, `FECHA_REGISTRO`, `USUARIO_REGISTRO`, `APELLIDO1`, `APELLIDO1_MADRE`, `APELLIDO1_PADRE`, `APELLIDO2`, `APELLIDO2_MADRE`, `APELLIDO2_PADRE`, `FECHANAC`, `NOMBRE1`, `NOMBRE1_MADRE`, `NOMBRE1_PADRE`, `NOMBRE2`, `NOMBRE2_MADRE`, `NOMBRE2_PADRE`, `SEXO`, `CODIGO_CASA`) VALUES (6222, 'server', '1', '0', '2017-05-22 00:00:00', 'admin', 'MENOCAL', 'IVANIA FARINAS ROMERO', 'PABLO MONOCAL ZAMORA', 'FARINAS ', NULL, NULL, '2008-02-05 00:00:00', 'NAYELHI ', 'OSCARINA', 'JUAN', 'JAHAIRA', NULL, NULL, 'F', 1778);


/*Plantilla*/
INSERT INTO `mensajes` (`messageKey`, `es`, `catPasive`, `isCat`, `orden`) VALUES ( 'heading', 'Cohorte Influenza, Dengue','0','0',0);
INSERT INTO `mensajes` (`messageKey`, `es`, `catPasive`, `isCat`, `orden`) VALUES ( 'title', 'Estudios de Investigación','0','0',0);
INSERT INTO `mensajes` (`messageKey`, `es`, `catPasive`, `isCat`, `orden`) VALUES ( 'footer', 'Instituto de Ciencias Sostenibles','0','0',0);

/*login page*/
INSERT INTO `mensajes` (`messageKey`, `es`, `catPasive`, `isCat`, `orden`) VALUES ( 'login', 'Ingresar','0','0',0);
INSERT INTO `mensajes` (`messageKey`, `es`, `catPasive`, `isCat`, `orden`) VALUES ( 'login.accountExpired', 'Cuenta de usuario ha expirado!','0','0',0);
INSERT INTO `mensajes` (`messageKey`, `es`, `catPasive`, `isCat`, `orden`) VALUES ( 'login.accountLocked', 'Cuenta de usuario está bloqueada!','0','0',0);
INSERT INTO `mensajes` (`messageKey`, `es`, `catPasive`, `isCat`, `orden`) VALUES ( 'login.accountNotLocked', 'Cuenta de usuario está desbloqueada!','0','0',0);
INSERT INTO `mensajes` (`messageKey`, `es`, `catPasive`, `isCat`, `orden`) VALUES ( 'login.badCredentials', 'Nombre de usuario o contraseña incorrectos!','0','0',0);
INSERT INTO `mensajes` (`messageKey`, `es`, `catPasive`, `isCat`, `orden`) VALUES ( 'login.credentialsExpired', 'Credenciales de usuario han expirado!','0','0',0);
INSERT INTO `mensajes` (`messageKey`, `es`, `catPasive`, `isCat`, `orden`) VALUES ( 'login.maxSessionsOut', 'Tiene una sesión activa! No puede crear otra!','0','0',0);
INSERT INTO `mensajes` (`messageKey`, `es`, `catPasive`, `isCat`, `orden`) VALUES ( 'login.message', 'Por favor ingresar su nombre de usuario y contraseña','0','0',0);
INSERT INTO `mensajes` (`messageKey`, `es`, `catPasive`, `isCat`, `orden`) VALUES ( 'login.username', 'Nombre de usuario','0','0',0);
INSERT INTO `mensajes` (`messageKey`, `es`, `catPasive`, `isCat`, `orden`) VALUES ( 'login.password', 'Contraseña','0','0',0);
INSERT INTO `mensajes` (`messageKey`, `es`, `catPasive`, `isCat`, `orden`) VALUES ( 'login.forgot.password', 'Olvidó contraseña?','0','0',0);
INSERT INTO `mensajes` (`messageKey`, `es`, `catPasive`, `isCat`, `orden`) VALUES ( 'login.userEnabled', 'Usuario esta activo!','0','0',0);
INSERT INTO `mensajes` (`messageKey`, `es`, `catPasive`, `isCat`, `orden`) VALUES ( 'login.userDisabled', 'Usuario esta inactivo!','0','0',0);


/*Menu*/
INSERT INTO `mensajes` (`messageKey`, `es`, `catPasive`, `isCat`, `orden`) VALUES ( 'home', 'Inicio','0','0',0);
INSERT INTO `mensajes` (`messageKey`, `es`, `catPasive`, `isCat`, `orden`) VALUES ( 'dashboard', 'Panel de control','0','0',0);
INSERT INTO `mensajes` (`messageKey`, `es`, `catPasive`, `isCat`, `orden`) VALUES ( 'admin', 'Administración','0','0',0);
INSERT INTO `mensajes` (`messageKey`, `es`, `catPasive`, `isCat`, `orden`) VALUES ( 'users', 'Usuarios','0','0',0);
INSERT INTO `mensajes` (`messageKey`, `es`, `catPasive`, `isCat`, `orden`) VALUES ( 'superv', 'Supervisión','0','0',0);
INSERT INTO `mensajes` (`messageKey`, `es`, `catPasive`, `isCat`, `orden`) VALUES ( 'intensiveMonitoring', 'Monitoreo Intensivo','0','0',0);
INSERT INTO `mensajes` (`messageKey`, `es`, `catPasive`, `isCat`, `orden`) VALUES ( 'versionLetters', 'Versiones Cartas','0','0',0);
INSERT INTO `mensajes` (`messageKey`, `es`, `catPasive`, `isCat`, `orden`) VALUES ( 'laboratory', 'Laboratorio','0','0',0);
INSERT INTO `mensajes` (`messageKey`, `es`, `catPasive`, `isCat`, `orden`) VALUES ( 'print.codes', 'Impresión Códigos','0','0',0);
INSERT INTO `mensajes` (`messageKey`, `es`, `catPasive`, `isCat`, `orden`) VALUES ( 'logout', 'Salir','0','0',0);


/*Catalogos*/
INSERT INTO `mensajes` (`messageKey`, `catKey`, `catRoot`, `en`, `isCat`, `orden`, `catPasive`, `es`) VALUES ('CHF_CAT_SINO', NULL, NULL, NULL, '1', 0, '0', 'Catalogo Si No CHF');
INSERT INTO `mensajes` (`messageKey`, `catKey`, `catRoot`, `en`, `isCat`, `orden`, `catPasive`, `es`) VALUES ('CHF_CAT_SINO_SI', 'S', 'CHF_CAT_SINO', NULL, '0', 1, '0', 'Si');
INSERT INTO `mensajes` (`messageKey`, `catKey`, `catRoot`, `en`, `isCat`, `orden`, `catPasive`, `es`) VALUES ('CHF_CAT_SINO_NO', 'N', 'CHF_CAT_SINO', NULL, '0', 2, '0', 'No');
INSERT INTO `mensajes` (`messageKey`, `catKey`, `catRoot`, `en`, `isCat`, `orden`, `catPasive`, `es`) VALUES ('CHF_CAT_SEXO', NULL, NULL, NULL, '1', 0, '0', 'Catalogo Sexo CHF');
INSERT INTO `mensajes` (`messageKey`, `catKey`, `catRoot`, `en`, `isCat`, `orden`, `catPasive`, `es`) VALUES ('CHF_CAT_SEXO_M', 'M', 'CHF_CAT_SEXO', NULL, '0', 1, '0', 'Masculino');
INSERT INTO `mensajes` (`messageKey`, `catKey`, `catRoot`, `en`, `isCat`, `orden`, `catPasive`, `es`) VALUES ('CHF_CAT_SEXO_F', 'F', 'CHF_CAT_SEXO', NULL, '0', 2, '0', 'Femenino');

INSERT INTO `mensajes` (`messageKey`, `catKey`, `catRoot`, `en`, `isCat`, `orden`, `catPasive`, `es`) VALUES ('CHF_CAT_DF', NULL, NULL, NULL, '1', 0, '0', 'Catalogo ubicacion dentro o fuera de casa CHF');
INSERT INTO `mensajes` (`messageKey`, `catKey`, `catRoot`, `en`, `isCat`, `orden`, `catPasive`, `es`) VALUES ('CHF_CAT_DF_01', '1', 'CHF_CAT_DF', NULL, '0', 1, '0', 'Fuera');
INSERT INTO `mensajes` (`messageKey`, `catKey`, `catRoot`, `en`, `isCat`, `orden`, `catPasive`, `es`) VALUES ('CHF_CAT_DF_02', '2', 'CHF_CAT_DF', NULL, '0', 2, '0', 'Dentro');
INSERT INTO `mensajes` (`messageKey`, `catKey`, `catRoot`, `en`, `isCat`, `orden`, `catPasive`, `es`) VALUES ('CHF_CAT_DF_03', '3', 'CHF_CAT_DF', NULL, '0', 3, '0', 'Dentro y Fuera');

INSERT INTO `mensajes` (`messageKey`, `catKey`, `catRoot`, `en`, `isCat`, `orden`, `catPasive`, `es`) VALUES ('CHF_CAT_COMPARTIDO', NULL, NULL, NULL, '1', 0, '0', 'Catalogo llave agua compartida CHF');
INSERT INTO `mensajes` (`messageKey`, `catKey`, `catRoot`, `en`, `isCat`, `orden`, `catPasive`, `es`) VALUES ('CHF_CAT_COMPARTIDO_C', '1', 'CHF_CAT_COMPARTIDO', NULL, '0', 1, '0', 'Compartido');
INSERT INTO `mensajes` (`messageKey`, `catKey`, `catRoot`, `en`, `isCat`, `orden`, `catPasive`, `es`) VALUES ('CHF_CAT_COMPARTIDO_N', '2', 'CHF_CAT_COMPARTIDO', NULL, '0', 2, '0', 'No compartido');

INSERT INTO `mensajes` (`messageKey`, `catKey`, `catRoot`, `en`, `isCat`, `orden`, `catPasive`, `es`) VALUES ('CHF_CAT_MAT_PARED', NULL, NULL, NULL, '1', 0, '0', 'Catalogo tipo material de paredes casa CHF');
INSERT INTO `mensajes` (`messageKey`, `catKey`, `catRoot`, `en`, `isCat`, `orden`, `catPasive`, `es`) VALUES ('CHF_CAT_MAT_PARED_01', '1', 'CHF_CAT_MAT_PARED', NULL, '0', 1, '0', 'Madera');
INSERT INTO `mensajes` (`messageKey`, `catKey`, `catRoot`, `en`, `isCat`, `orden`, `catPasive`, `es`) VALUES ('CHF_CAT_MAT_PARED_02', '2', 'CHF_CAT_MAT_PARED', NULL, '0', 2, '0', 'Concreto');
INSERT INTO `mensajes` (`messageKey`, `catKey`, `catRoot`, `en`, `isCat`, `orden`, `catPasive`, `es`) VALUES ('CHF_CAT_MAT_PARED_03', '3', 'CHF_CAT_MAT_PARED', NULL, '0', 3, '0', 'Plástico');
INSERT INTO `mensajes` (`messageKey`, `catKey`, `catRoot`, `en`, `isCat`, `orden`, `catPasive`, `es`) VALUES ('CHF_CAT_MAT_PARED_04', '4', 'CHF_CAT_MAT_PARED', NULL, '0', 4, '0', 'Cartón');
INSERT INTO `mensajes` (`messageKey`, `catKey`, `catRoot`, `en`, `isCat`, `orden`, `catPasive`, `es`) VALUES ('CHF_CAT_MAT_PARED_05', '5', 'CHF_CAT_MAT_PARED', NULL, '0', 5, '0', 'Adobe');
INSERT INTO `mensajes` (`messageKey`, `catKey`, `catRoot`, `en`, `isCat`, `orden`, `catPasive`, `es`) VALUES ('CHF_CAT_MAT_PARED_06', '6', 'CHF_CAT_MAT_PARED', NULL, '0', 6, '0', 'Zinc');
INSERT INTO `mensajes` (`messageKey`, `catKey`, `catRoot`, `en`, `isCat`, `orden`, `catPasive`, `es`) VALUES ('CHF_CAT_MAT_PARED_998', '998', 'CHF_CAT_MAT_PARED', NULL, '0', 7, '0', 'Otro');

INSERT INTO `mensajes` (`messageKey`, `catKey`, `catRoot`, `en`, `isCat`, `orden`, `catPasive`, `es`) VALUES ('CHF_CAT_MAT_PISO', NULL, NULL, NULL, '1', 0, '0', 'Catalogo tipo material de piso casa CHF');
INSERT INTO `mensajes` (`messageKey`, `catKey`, `catRoot`, `en`, `isCat`, `orden`, `catPasive`, `es`) VALUES ('CHF_CAT_MAT_PISO_01', '1', 'CHF_CAT_MAT_PISO', NULL, '0', 1, '0', 'Concreto');
INSERT INTO `mensajes` (`messageKey`, `catKey`, `catRoot`, `en`, `isCat`, `orden`, `catPasive`, `es`) VALUES ('CHF_CAT_MAT_PISO_02', '2', 'CHF_CAT_MAT_PISO', NULL, '0', 2, '0', 'Ladrillos');
INSERT INTO `mensajes` (`messageKey`, `catKey`, `catRoot`, `en`, `isCat`, `orden`, `catPasive`, `es`) VALUES ('CHF_CAT_MAT_PISO_03', '3', 'CHF_CAT_MAT_PISO', NULL, '0', 3, '0', 'Piso de tierra');
INSERT INTO `mensajes` (`messageKey`, `catKey`, `catRoot`, `en`, `isCat`, `orden`, `catPasive`, `es`) VALUES ('CHF_CAT_MAT_PISO_04', '4', 'CHF_CAT_MAT_PISO', NULL, '0', 4, '0', 'Cerámica');
INSERT INTO `mensajes` (`messageKey`, `catKey`, `catRoot`, `en`, `isCat`, `orden`, `catPasive`, `es`) VALUES ('CHF_CAT_MAT_PISO_998', '998', 'CHF_CAT_MAT_PISO', NULL, '0', 5, '0', 'Otro');

INSERT INTO `mensajes` (`messageKey`, `catKey`, `catRoot`, `en`, `isCat`, `orden`, `catPasive`, `es`) VALUES ('CHF_CAT_MAT_TECHO', NULL, NULL, NULL, '1', 0, '0', 'Catalogo tipo material de techo casa CHF');
INSERT INTO `mensajes` (`messageKey`, `catKey`, `catRoot`, `en`, `isCat`, `orden`, `catPasive`, `es`) VALUES ('CHF_CAT_MAT_TECHO_01', '1', 'CHF_CAT_MAT_TECHO', NULL, '0', 1, '0', 'Zinc');
INSERT INTO `mensajes` (`messageKey`, `catKey`, `catRoot`, `en`, `isCat`, `orden`, `catPasive`, `es`) VALUES ('CHF_CAT_MAT_TECHO_02', '2', 'CHF_CAT_MAT_TECHO', NULL, '0', 2, '0', 'Plástico');
INSERT INTO `mensajes` (`messageKey`, `catKey`, `catRoot`, `en`, `isCat`, `orden`, `catPasive`, `es`) VALUES ('CHF_CAT_MAT_TECHO_03', '3', 'CHF_CAT_MAT_TECHO', NULL, '0', 3, '0', 'Tejas');
INSERT INTO `mensajes` (`messageKey`, `catKey`, `catRoot`, `en`, `isCat`, `orden`, `catPasive`, `es`) VALUES ('CHF_CAT_MAT_TECHO_998', '998', 'CHF_CAT_MAT_TECHO', NULL, '0', 4, '0', 'Otro');

INSERT INTO `mensajes` (`messageKey`, `catKey`, `catRoot`, `en`, `isCat`, `orden`, `catPasive`, `es`) VALUES ('CHF_CAT_FUN_ABANICO', NULL, NULL, NULL, '1', 0, '0', 'Catalogo tiempo de funcionamiento aire acondicionado CHF');
INSERT INTO `mensajes` (`messageKey`, `catKey`, `catRoot`, `en`, `isCat`, `orden`, `catPasive`, `es`) VALUES ('CHF_CAT_FUN_ABANICO_D', '1', 'CHF_CAT_FUN_ABANICO', NULL, '0', 1, '0', 'Día');
INSERT INTO `mensajes` (`messageKey`, `catKey`, `catRoot`, `en`, `isCat`, `orden`, `catPasive`, `es`) VALUES ('CHF_CAT_FUN_ABANICO_N', '2', 'CHF_CAT_FUN_ABANICO', NULL, '0', 2, '0', 'Noche');

INSERT INTO `mensajes` (`messageKey`, `catKey`, `catRoot`, `en`, `isCat`, `orden`, `catPasive`, `es`) VALUES ('CHF_CAT_FREC_COCINA', NULL, NULL, NULL, '1', 0, '0', 'Catalogo frecuencia de uso cocina de lenia CHF');
INSERT INTO `mensajes` (`messageKey`, `catKey`, `catRoot`, `en`, `isCat`, `orden`, `catPasive`, `es`) VALUES ('CHF_CAT_FREC_COCINA_D', '1', 'CHF_CAT_FREC_COCINA', NULL, '0', 1, '0', 'Diario');
INSERT INTO `mensajes` (`messageKey`, `catKey`, `catRoot`, `en`, `isCat`, `orden`, `catPasive`, `es`) VALUES ('CHF_CAT_FREC_COCINA_S', '2', 'CHF_CAT_FREC_COCINA', NULL, '0', 2, '0', 'Semanal');
INSERT INTO `mensajes` (`messageKey`, `catKey`, `catRoot`, `en`, `isCat`, `orden`, `catPasive`, `es`) VALUES ('CHF_CAT_FREC_COCINA_Q', '3', 'CHF_CAT_FREC_COCINA', NULL, '0', 3, '0', 'Quincenal');
INSERT INTO `mensajes` (`messageKey`, `catKey`, `catRoot`, `en`, `isCat`, `orden`, `catPasive`, `es`) VALUES ('CHF_CAT_FREC_COCINA_M', '4', 'CHF_CAT_FREC_COCINA', NULL, '0', 4, '0', 'Mensual');

INSERT INTO `mensajes` (`messageKey`, `catKey`, `catRoot`, `en`, `isCat`, `orden`, `catPasive`, `es`) VALUES ('CHF_CAT_NV', NULL, NULL, NULL, '1', 0, '0', 'Catalogo visita no exitosa');
INSERT INTO `mensajes` (`messageKey`, `catKey`, `catRoot`, `en`, `isCat`, `orden`, `catPasive`, `es`) VALUES ('CHF_CAT_NV_01', '1', 'CHF_CAT_NV', NULL, '0', 1, '0', 'No se ubica el domicilio');
INSERT INTO `mensajes` (`messageKey`, `catKey`, `catRoot`, `en`, `isCat`, `orden`, `catPasive`, `es`) VALUES ('CHF_CAT_NV_02', '2', 'CHF_CAT_NV', NULL, '0', 2, '0', 'Casa cerrada');
INSERT INTO `mensajes` (`messageKey`, `catKey`, `catRoot`, `en`, `isCat`, `orden`, `catPasive`, `es`) VALUES ('CHF_CAT_NV_03', '3', 'CHF_CAT_NV', NULL, '0', 3, '0', 'Cambio domicilio');
INSERT INTO `mensajes` (`messageKey`, `catKey`, `catRoot`, `en`, `isCat`, `orden`, `catPasive`, `es`) VALUES ('CHF_CAT_NV_04', '4', 'CHF_CAT_NV', NULL, '0', 4, '0', 'No está jefe casa');
INSERT INTO `mensajes` (`messageKey`, `catKey`, `catRoot`, `en`, `isCat`, `orden`, `catPasive`, `es`) VALUES ('CHF_CAT_NV_998', '998', 'CHF_CAT_NV', NULL, '0', 5, '0', 'Otro');

INSERT INTO `mensajes` (`messageKey`, `catKey`, `catRoot`, `en`, `isCat`, `orden`, `catPasive`, `es`) VALUES ('CHF_CAT_NPT', NULL, NULL, NULL, '1', 0, '0', 'Catalogo no participa CHF');
INSERT INTO `mensajes` (`messageKey`, `catKey`, `catRoot`, `en`, `isCat`, `orden`, `catPasive`, `es`) VALUES ('CHF_CAT_NPT_01', '1', 'CHF_CAT_NPT', NULL, '0', 1, '0', 'No desea que su casa participe en el estudio');
INSERT INTO `mensajes` (`messageKey`, `catKey`, `catRoot`, `en`, `isCat`, `orden`, `catPasive`, `es`) VALUES ('CHF_CAT_NPT_02', '2', 'CHF_CAT_NPT', NULL, '0', 2, '0', 'Cambiará de Domicilio');
INSERT INTO `mensajes` (`messageKey`, `catKey`, `catRoot`, `en`, `isCat`, `orden`, `catPasive`, `es`) VALUES ('CHF_CAT_NPT_03', '3', 'CHF_CAT_NPT', NULL, '0', 3, '0', 'No desean que sus niños sean muestreados');
INSERT INTO `mensajes` (`messageKey`, `catKey`, `catRoot`, `en`, `isCat`, `orden`, `catPasive`, `es`) VALUES ('CHF_CAT_NPT_04', '4', 'CHF_CAT_NPT', NULL, '0', 4, '0', 'No considera que tiene beneficios en el estudio');
INSERT INTO `mensajes` (`messageKey`, `catKey`, `catRoot`, `en`, `isCat`, `orden`, `catPasive`, `es`) VALUES ('CHF_CAT_NPT_998', '998', 'CHF_CAT_NPT', NULL, '0', 5, '0', 'Otro');

INSERT INTO `mensajes` (`messageKey`, `catKey`, `catRoot`, `en`, `isCat`, `orden`, `catPasive`, `es`) VALUES ('CHF_CAT_NPP', NULL, NULL, NULL, '1', 0, '0', 'Catalogo no acepta tamizaje persona');
INSERT INTO `mensajes` (`messageKey`, `catKey`, `catRoot`, `en`, `isCat`, `orden`, `catPasive`, `es`) VALUES ('CHF_CAT_NPP_01', '1', 'CHF_CAT_NPP', NULL, '0', 1, '0', 'No desea participar en el estudio');
INSERT INTO `mensajes` (`messageKey`, `catKey`, `catRoot`, `en`, `isCat`, `orden`, `catPasive`, `es`) VALUES ('CHF_CAT_NPP_02', '2', 'CHF_CAT_NPP', NULL, '0', 2, '0', 'Cambiará de Domicilio');
INSERT INTO `mensajes` (`messageKey`, `catKey`, `catRoot`, `en`, `isCat`, `orden`, `catPasive`, `es`) VALUES ('CHF_CAT_NPP_03', '3', 'CHF_CAT_NPP', NULL, '0', 3, '0', 'Tiene seguro médico');
INSERT INTO `mensajes` (`messageKey`, `catKey`, `catRoot`, `en`, `isCat`, `orden`, `catPasive`, `es`) VALUES ('CHF_CAT_NPP_04', '4', 'CHF_CAT_NPP', NULL, '0', 4, '0', 'No considera que tiene beneficios en el estudio');
INSERT INTO `mensajes` (`messageKey`, `catKey`, `catRoot`, `en`, `isCat`, `orden`, `catPasive`, `es`) VALUES ('CHF_CAT_NPT_05', '5', 'CHF_CAT_NPP', NULL, '0', 5, '0', 'No desean que sus niños sean muestreados');
INSERT INTO `mensajes` (`messageKey`, `catKey`, `catRoot`, `en`, `isCat`, `orden`, `catPasive`, `es`) VALUES ('CHF_CAT_NPP_998', '998', 'CHF_CAT_NPP', NULL, '0', 6, '0', 'Otro');

INSERT INTO `mensajes` (`messageKey`, `catKey`, `catRoot`, `en`, `isCat`, `orden`, `catPasive`, `es`) VALUES ('CHF_CAT_CI', NULL, NULL, NULL, '1', 0, '0', 'Catalogo criterios de inclusion');
INSERT INTO `mensajes` (`messageKey`, `catKey`, `catRoot`, `en`, `isCat`, `orden`, `catPasive`, `es`) VALUES ('CHF_CAT_CI_01', '1', 'CHF_CAT_CI', NULL, '0', 1, '0', '1) Vivir en área de cobertura del CSSFV.');
INSERT INTO `mensajes` (`messageKey`, `catKey`, `catRoot`, `en`, `isCat`, `orden`, `catPasive`, `es`) VALUES ('CHF_CAT_CI_02', '2', 'CHF_CAT_CI', NULL, '0', 2, '0', '2) Vivir en un hogar con al menos 1 niño/a menor de 12 años.');
INSERT INTO `mensajes` (`messageKey`, `catKey`, `catRoot`, `en`, `isCat`, `orden`, `catPasive`, `es`) VALUES ('CHF_CAT_CI_03', '3', 'CHF_CAT_CI', NULL, '0', 3, '0', '3) Tener la intención de permanecer en el área durante el estudio.');
INSERT INTO `mensajes` (`messageKey`, `catKey`, `catRoot`, `en`, `isCat`, `orden`, `catPasive`, `es`) VALUES ('CHF_CAT_CI_04', '4', 'CHF_CAT_CI', NULL, '0', 4, '0', '4) Tener una tarjeta de vacunación (niños/as) o un documento de identificación (adultos) para confirmar la edad y la residencia');

INSERT INTO `mensajes` (`messageKey`, `catKey`, `catRoot`, `en`, `isCat`, `orden`, `catPasive`, `es`) VALUES ('CHF_CAT_DONDEASISTE', NULL, NULL, NULL, '1', 0, '0', 'Catalogo no acepta tamizaje persona');
INSERT INTO `mensajes` (`messageKey`, `catKey`, `catRoot`, `en`, `isCat`, `orden`, `catPasive`, `es`) VALUES ('CHF_CAT_DONDEASISTE_01', '1', 'CHF_CAT_DONDEASISTE', NULL, '0', 1, '0', 'Centro de Salud Sócrates Flores');
INSERT INTO `mensajes` (`messageKey`, `catKey`, `catRoot`, `en`, `isCat`, `orden`, `catPasive`, `es`) VALUES ('CHF_CAT_DONDEASISTE_02', '2', 'CHF_CAT_DONDEASISTE', NULL, '0', 2, '0', 'Otro centro de salud');
INSERT INTO `mensajes` (`messageKey`, `catKey`, `catRoot`, `en`, `isCat`, `orden`, `catPasive`, `es`) VALUES ('CHF_CAT_DONDEASISTE_03', '3', 'CHF_CAT_DONDEASISTE', NULL, '0', 3, '0', 'Puesto de Salud');
INSERT INTO `mensajes` (`messageKey`, `catKey`, `catRoot`, `en`, `isCat`, `orden`, `catPasive`, `es`) VALUES ('CHF_CAT_DONDEASISTE_04', '4', 'CHF_CAT_DONDEASISTE', NULL, '0', 4, '0', 'Hospital Público');
INSERT INTO `mensajes` (`messageKey`, `catKey`, `catRoot`, `en`, `isCat`, `orden`, `catPasive`, `es`) VALUES ('CHF_CAT_DONDEASISTE_05', '5', 'CHF_CAT_DONDEASISTE', NULL, '0', 5, '0', 'Médico Privado');
INSERT INTO `mensajes` (`messageKey`, `catKey`, `catRoot`, `en`, `isCat`, `orden`, `catPasive`, `es`) VALUES ('CHF_CAT_DONDEASISTE_06', '6', 'CHF_CAT_DONDEASISTE', NULL, '0', 6, '0', 'Seguro Social');
INSERT INTO `mensajes` (`messageKey`, `catKey`, `catRoot`, `en`, `isCat`, `orden`, `catPasive`, `es`) VALUES ('CHF_CAT_DONDEASISTE_07', '7', 'CHF_CAT_DONDEASISTE', NULL, '0', 7, '0', 'Curandero');
INSERT INTO `mensajes` (`messageKey`, `catKey`, `catRoot`, `en`, `isCat`, `orden`, `catPasive`, `es`) VALUES ('CHF_CAT_DONDEASISTE_08', '8', 'CHF_CAT_DONDEASISTE', NULL, '0', 8, '0', 'Farmacia');
INSERT INTO `mensajes` (`messageKey`, `catKey`, `catRoot`, `en`, `isCat`, `orden`, `catPasive`, `es`) VALUES ('CHF_CAT_DONDEASISTE_998', '998', 'CHF_CAT_DONDEASISTE', NULL, '0', 9, '0', 'Otro');


INSERT INTO `mensajes` (`messageKey`, `catKey`, `catRoot`, `en`, `isCat`, `orden`, `catPasive`, `es`) VALUES ('CHF_CAT_PUESTO', NULL, NULL, NULL, '1', 0, '0', 'Catalogo puesto de salud');
INSERT INTO `mensajes` (`messageKey`, `catKey`, `catRoot`, `en`, `isCat`, `orden`, `catPasive`, `es`) VALUES ('CHF_CAT_PUESTO_01', '1', 'CHF_CAT_PUESTO', NULL, '0', 1, '0', 'P/S Cristo del Rosario');
INSERT INTO `mensajes` (`messageKey`, `catKey`, `catRoot`, `en`, `isCat`, `orden`, `catPasive`, `es`) VALUES ('CHF_CAT_PUESTO_02', '2', 'CHF_CAT_PUESTO', NULL, '0', 2, '0', 'P/S San Sebastian');

INSERT INTO `mensajes` (`messageKey`, `catKey`, `catRoot`, `en`, `isCat`, `orden`, `catPasive`, `es`) VALUES ('CHF_CAT_RFTUTOR', NULL, NULL, NULL, '1', 0, '0', 'Catalogo relacion familiar tutor');
INSERT INTO `mensajes` (`messageKey`, `catKey`, `catRoot`, `en`, `isCat`, `orden`, `catPasive`, `es`) VALUES ('CHF_CAT_RFTUTOR_01', '1', 'CHF_CAT_RFTUTOR', NULL, '0', 1, '0', 'Madre');
INSERT INTO `mensajes` (`messageKey`, `catKey`, `catRoot`, `en`, `isCat`, `orden`, `catPasive`, `es`) VALUES ('CHF_CAT_RFTUTOR_02', '2', 'CHF_CAT_RFTUTOR', NULL, '0', 2, '0', 'Padre');
INSERT INTO `mensajes` (`messageKey`, `catKey`, `catRoot`, `en`, `isCat`, `orden`, `catPasive`, `es`) VALUES ('CHF_CAT_RFTUTOR_03', '3', 'CHF_CAT_RFTUTOR', NULL, '0', 3, '0', 'Abuelo (a)');
INSERT INTO `mensajes` (`messageKey`, `catKey`, `catRoot`, `en`, `isCat`, `orden`, `catPasive`, `es`) VALUES ('CHF_CAT_RFTUTOR_04', '4', 'CHF_CAT_RFTUTOR', NULL, '0', 4, '0', 'Tío (a)');
INSERT INTO `mensajes` (`messageKey`, `catKey`, `catRoot`, `en`, `isCat`, `orden`, `catPasive`, `es`) VALUES ('CHF_CAT_RFTUTOR_05', '5', 'CHF_CAT_RFTUTOR', NULL, '0', 5, '0', 'Hermano (a)');
INSERT INTO `mensajes` (`messageKey`, `catKey`, `catRoot`, `en`, `isCat`, `orden`, `catPasive`, `es`) VALUES ('CHF_CAT_RFTUTOR_998', '998', 'CHF_CAT_RFTUTOR', NULL, '0', 6, '0', 'Otra relación familiar');

INSERT INTO `mensajes` (`messageKey`, `catKey`, `catRoot`, `en`, `isCat`, `orden`, `catPasive`, `es`) VALUES ('CHF_CAT_TIPO_PARTO', NULL, NULL, NULL, '1', 0, '0', 'Catalogo tipos de parto CHF');
INSERT INTO `mensajes` (`messageKey`, `catKey`, `catRoot`, `en`, `isCat`, `orden`, `catPasive`, `es`) VALUES ('CHF_CAT_TIPO_PARTO_01', '1', 'CHF_CAT_TIPO_PARTO', NULL, '0', 1, '0', 'Vaginal / Natural');
INSERT INTO `mensajes` (`messageKey`, `catKey`, `catRoot`, `en`, `isCat`, `orden`, `catPasive`, `es`) VALUES ('CHF_CAT_TIPO_PARTO_02', '2', 'CHF_CAT_TIPO_PARTO', NULL, '0', 2, '0', 'Cesárea');
INSERT INTO `mensajes` (`messageKey`, `catKey`, `catRoot`, `en`, `isCat`, `orden`, `catPasive`, `es`) VALUES ('CHF_CAT_TIPO_PARTO_03', '3', 'CHF_CAT_TIPO_PARTO', NULL, '0', 4, '0', 'Rehusa contestar esta pregunta');
INSERT INTO `mensajes` (`messageKey`, `catKey`, `catRoot`, `en`, `isCat`, `orden`, `catPasive`, `es`) VALUES ('CHF_CAT_TIPO_PARTO_999', '999', 'CHF_CAT_TIPO_PARTO', NULL, '0', 3, '0', 'Desconocido');

INSERT INTO `mensajes` (`messageKey`, `catKey`, `catRoot`, `en`, `isCat`, `orden`, `catPasive`, `es`) VALUES ('CHF_CAT_DOC_MEDICO', NULL, NULL, NULL, '1', 0, '0', 'Catalogo tipos de documentos médicos CHF');
INSERT INTO `mensajes` (`messageKey`, `catKey`, `catRoot`, `en`, `isCat`, `orden`, `catPasive`, `es`) VALUES ('CHF_CAT_DOC_MEDICO_01', '1', 'CHF_CAT_DOC_MEDICO', NULL, '0', 1, '0', 'Control Prenatal');
INSERT INTO `mensajes` (`messageKey`, `catKey`, `catRoot`, `en`, `isCat`, `orden`, `catPasive`, `es`) VALUES ('CHF_CAT_DOC_MEDICO_02', '2', 'CHF_CAT_DOC_MEDICO', NULL, '0', 2, '0', 'Tarjeta de Vacuna');
INSERT INTO `mensajes` (`messageKey`, `catKey`, `catRoot`, `en`, `isCat`, `orden`, `catPasive`, `es`) VALUES ('CHF_CAT_DOC_MEDICO_03', '3', 'CHF_CAT_DOC_MEDICO', NULL, '0', 3, '0', 'Epicrisis');
INSERT INTO `mensajes` (`messageKey`, `catKey`, `catRoot`, `en`, `isCat`, `orden`, `catPasive`, `es`) VALUES ('CHF_CAT_DOC_MEDICO_04', '4', 'CHF_CAT_DOC_MEDICO', NULL, '0', 4, '0', 'Expediente Clínico');
INSERT INTO `mensajes` (`messageKey`, `catKey`, `catRoot`, `en`, `isCat`, `orden`, `catPasive`, `es`) VALUES ('CHF_CAT_DOC_MEDICO_998', '998', 'CHF_CAT_DOC_MEDICO', NULL, '0', 5, '0', 'Otro');

INSERT INTO `mensajes` (`messageKey`, `catKey`, `catRoot`, `en`, `isCat`, `orden`, `catPasive`, `es`) VALUES ('CHF_CAT_SNDR', NULL, NULL, NULL, '1', 0, '0', 'Catalogo Si/No/Desconocido/Rehusa CHF');
INSERT INTO `mensajes` (`messageKey`, `catKey`, `catRoot`, `en`, `isCat`, `orden`, `catPasive`, `es`) VALUES ('CHF_CAT_SNDR_01', '1', 'CHF_CAT_SNDR', NULL, '0', 1, '0', 'Si');
INSERT INTO `mensajes` (`messageKey`, `catKey`, `catRoot`, `en`, `isCat`, `orden`, `catPasive`, `es`) VALUES ('CHF_CAT_SNDR_02', '0', 'CHF_CAT_SNDR', NULL, '0', 2, '0', 'No');
INSERT INTO `mensajes` (`messageKey`, `catKey`, `catRoot`, `en`, `isCat`, `orden`, `catPasive`, `es`) VALUES ('CHF_CAT_SNDR_03', '2', 'CHF_CAT_SNDR', NULL, '0', 4, '0', 'Rehusa contestar esta pregunta');
INSERT INTO `mensajes` (`messageKey`, `catKey`, `catRoot`, `en`, `isCat`, `orden`, `catPasive`, `es`) VALUES ('CHF_CAT_SNDR_999', '999', 'CHF_CAT_SNDR', NULL, '0', 3, '0', 'Desconocido');

INSERT INTO `mensajes` (`messageKey`, `catKey`, `catRoot`, `en`, `isCat`, `orden`, `catPasive`, `es`) VALUES ('CHF_CAT_SND', NULL, NULL, NULL, '1', 0, '0', 'Catalogo Si/No/Desconocido CHF');
INSERT INTO `mensajes` (`messageKey`, `catKey`, `catRoot`, `en`, `isCat`, `orden`, `catPasive`, `es`) VALUES ('CHF_CAT_SND_01', '1', 'CHF_CAT_SND', NULL, '0', 1, '0', 'Si');
INSERT INTO `mensajes` (`messageKey`, `catKey`, `catRoot`, `en`, `isCat`, `orden`, `catPasive`, `es`) VALUES ('CHF_CAT_SND_02', '0', 'CHF_CAT_SND', NULL, '0', 2, '0', 'No');
INSERT INTO `mensajes` (`messageKey`, `catKey`, `catRoot`, `en`, `isCat`, `orden`, `catPasive`, `es`) VALUES ('CHF_CAT_SND_999', '9', 'CHF_CAT_SND', NULL, '0', 3, '0', 'Desconocido');

INSERT INTO `mensajes` (`messageKey`, `catKey`, `catRoot`, `en`, `isCat`, `orden`, `catPasive`, `es`) VALUES ('CHF_CAT_NIV_EDU', NULL, NULL, NULL, '1', 0, '0', 'Catalogo niveles de educación CHF');
INSERT INTO `mensajes` (`messageKey`, `catKey`, `catRoot`, `en`, `isCat`, `orden`, `catPasive`, `es`) VALUES ('CHF_CAT_NIV_EDU_01', '1', 'CHF_CAT_NIV_EDU', NULL, '0', 1, '0', 'Ninguno');
INSERT INTO `mensajes` (`messageKey`, `catKey`, `catRoot`, `en`, `isCat`, `orden`, `catPasive`, `es`) VALUES ('CHF_CAT_NIV_EDU_02', '2', 'CHF_CAT_NIV_EDU', NULL, '0', 2, '0', 'Primaria');
INSERT INTO `mensajes` (`messageKey`, `catKey`, `catRoot`, `en`, `isCat`, `orden`, `catPasive`, `es`) VALUES ('CHF_CAT_NIV_EDU_03', '3', 'CHF_CAT_NIV_EDU', NULL, '0', 3, '0', 'Secundaria');
INSERT INTO `mensajes` (`messageKey`, `catKey`, `catRoot`, `en`, `isCat`, `orden`, `catPasive`, `es`) VALUES ('CHF_CAT_NIV_EDU_04', '4', 'CHF_CAT_NIV_EDU', NULL, '0', 4, '0', 'Técnico');
INSERT INTO `mensajes` (`messageKey`, `catKey`, `catRoot`, `en`, `isCat`, `orden`, `catPasive`, `es`) VALUES ('CHF_CAT_NIV_EDU_05', '5', 'CHF_CAT_NIV_EDU', NULL, '0', 5, '0', 'Universitario');

INSERT INTO `mensajes` (`messageKey`, `catKey`, `catRoot`, `en`, `isCat`, `orden`, `catPasive`, `es`) VALUES ('CHF_CAT_TIP_TRABAJO', NULL, NULL, NULL, '1', 0, '0', 'Catalogo tipos de trabajo CHF');
INSERT INTO `mensajes` (`messageKey`, `catKey`, `catRoot`, `en`, `isCat`, `orden`, `catPasive`, `es`) VALUES ('CHF_CAT_TIP_TRABAJO_01', '1', 'CHF_CAT_TIP_TRABAJO', NULL, '0', 1, '0', 'Trabajo Formal');
INSERT INTO `mensajes` (`messageKey`, `catKey`, `catRoot`, `en`, `isCat`, `orden`, `catPasive`, `es`) VALUES ('CHF_CAT_TIP_TRABAJO_02', '2', 'CHF_CAT_TIP_TRABAJO', NULL, '0', 2, '0', 'Trabajo Informal');

INSERT INTO `mensajes` (`messageKey`, `catKey`, `catRoot`, `en`, `isCat`, `orden`, `catPasive`, `es`) VALUES ('CHF_CAT_GRD_EDU', NULL, NULL, NULL, '1', 0, '0', 'Catalogo grados escolares CHF');
INSERT INTO `mensajes` (`messageKey`, `catKey`, `catRoot`, `en`, `isCat`, `orden`, `catPasive`, `es`) VALUES ('CHF_CAT_GRD_EDU_01', '1', 'CHF_CAT_GRD_EDU', NULL, '0', 1, '0', 'Preescolar');
INSERT INTO `mensajes` (`messageKey`, `catKey`, `catRoot`, `en`, `isCat`, `orden`, `catPasive`, `es`) VALUES ('CHF_CAT_GRD_EDU_02', '2', 'CHF_CAT_GRD_EDU', NULL, '0', 2, '0', 'Primaria');
INSERT INTO `mensajes` (`messageKey`, `catKey`, `catRoot`, `en`, `isCat`, `orden`, `catPasive`, `es`) VALUES ('CHF_CAT_GRD_EDU_03', '3', 'CHF_CAT_GRD_EDU', NULL, '0', 3, '0', 'Secundaria');
INSERT INTO `mensajes` (`messageKey`, `catKey`, `catRoot`, `en`, `isCat`, `orden`, `catPasive`, `es`) VALUES ('CHF_CAT_GRD_EDU_04', '4', 'CHF_CAT_GRD_EDU', NULL, '0', 4, '0', 'Universidad');

INSERT INTO `mensajes` (`messageKey`, `catKey`, `catRoot`, `en`, `isCat`, `orden`, `catPasive`, `es`) VALUES ('CHF_CAT_TURNO', NULL, NULL, NULL, '1', 0, '0', 'Catalogo turnos de estudio CHF');
INSERT INTO `mensajes` (`messageKey`, `catKey`, `catRoot`, `en`, `isCat`, `orden`, `catPasive`, `es`) VALUES ('CHF_CAT_TURNO_01', '1', 'CHF_CAT_TURNO', NULL, '0', 1, '0', 'AM');
INSERT INTO `mensajes` (`messageKey`, `catKey`, `catRoot`, `en`, `isCat`, `orden`, `catPasive`, `es`) VALUES ('CHF_CAT_TURNO_02', '2', 'CHF_CAT_TURNO', NULL, '0', 2, '0', 'PM');

INSERT INTO `mensajes` (`messageKey`, `catKey`, `catRoot`, `en`, `isCat`, `orden`, `catPasive`, `es`) VALUES ('CHF_CAT_CUIDAN_NINO', NULL, NULL, NULL, '1', 0, '0', 'Catalogo dónde cuidad al niño si no va a la escuela CHF');
INSERT INTO `mensajes` (`messageKey`, `catKey`, `catRoot`, `en`, `isCat`, `orden`, `catPasive`, `es`) VALUES ('CHF_CAT_CUIDAN_NINO_01', '1', 'CHF_CAT_CUIDAN_NINO', NULL, '0', 1, '0', 'CDI');
INSERT INTO `mensajes` (`messageKey`, `catKey`, `catRoot`, `en`, `isCat`, `orden`, `catPasive`, `es`) VALUES ('CHF_CAT_CUIDAN_NINO_02', '2', 'CHF_CAT_CUIDAN_NINO', NULL, '0', 2, '0', 'Vecino');
INSERT INTO `mensajes` (`messageKey`, `catKey`, `catRoot`, `en`, `isCat`, `orden`, `catPasive`, `es`) VALUES ('CHF_CAT_CUIDAN_NINO_03', '3', 'CHF_CAT_CUIDAN_NINO', NULL, '0', 3, '0', 'En su casa');
INSERT INTO `mensajes` (`messageKey`, `catKey`, `catRoot`, `en`, `isCat`, `orden`, `catPasive`, `es`) VALUES ('CHF_CAT_CUIDAN_NINO_998', '998', 'CHF_CAT_CUIDAN_NINO', NULL, '0', 4, '0', 'Otro');

INSERT INTO `mensajes` (`messageKey`, `catKey`, `catRoot`, `en`, `isCat`, `orden`, `catPasive`, `es`) VALUES ('CHF_CAT_VIVE_NINO', NULL, NULL, NULL, '1', 0, '0', 'Catalogo con quién vive el niño CHF');
INSERT INTO `mensajes` (`messageKey`, `catKey`, `catRoot`, `en`, `isCat`, `orden`, `catPasive`, `es`) VALUES ('CHF_CAT_VIVE_NINO_01', '1', 'CHF_CAT_VIVE_NINO', NULL, '0', 1, '0', 'Madre');
INSERT INTO `mensajes` (`messageKey`, `catKey`, `catRoot`, `en`, `isCat`, `orden`, `catPasive`, `es`) VALUES ('CHF_CAT_VIVE_NINO_02', '2', 'CHF_CAT_VIVE_NINO', NULL, '0', 2, '0', 'Padre');
INSERT INTO `mensajes` (`messageKey`, `catKey`, `catRoot`, `en`, `isCat`, `orden`, `catPasive`, `es`) VALUES ('CHF_CAT_VIVE_NINO_03', '3', 'CHF_CAT_VIVE_NINO', NULL, '0', 3, '0', 'Ambos');
INSERT INTO `mensajes` (`messageKey`, `catKey`, `catRoot`, `en`, `isCat`, `orden`, `catPasive`, `es`) VALUES ('CHF_CAT_VIVE_NINO_998', '998', 'CHF_CAT_VIVE_NINO', NULL, '0', 4, '0', 'Otro');

INSERT INTO `mensajes` (`messageKey`, `catKey`, `catRoot`, `en`, `isCat`, `orden`, `catPasive`, `es`) VALUES ('CHF_CAT_FREC_FUMA', NULL, NULL, NULL, '1', 0, '0', 'Catalogo frecuencia de uso cocina de lenia CHF');
INSERT INTO `mensajes` (`messageKey`, `catKey`, `catRoot`, `en`, `isCat`, `orden`, `catPasive`, `es`) VALUES ('CHF_CAT_FREC_FUMA_01', '1', 'CHF_CAT_FREC_FUMA', NULL, '0', 1, '0', 'Diariamente');
INSERT INTO `mensajes` (`messageKey`, `catKey`, `catRoot`, `en`, `isCat`, `orden`, `catPasive`, `es`) VALUES ('CHF_CAT_FREC_FUMA_02', '2', 'CHF_CAT_FREC_FUMA', NULL, '0', 2, '0', 'No diario');
INSERT INTO `mensajes` (`messageKey`, `catKey`, `catRoot`, `en`, `isCat`, `orden`, `catPasive`, `es`) VALUES ('CHF_CAT_FREC_FUMA_03', '3', 'CHF_CAT_FREC_FUMA', NULL, '0', 3, '0', 'Semanalmente');
INSERT INTO `mensajes` (`messageKey`, `catKey`, `catRoot`, `en`, `isCat`, `orden`, `catPasive`, `es`) VALUES ('CHF_CAT_FREC_FUMA_04', '4', 'CHF_CAT_FREC_FUMA', NULL, '0', 4, '0', 'Mensualmente');
INSERT INTO `mensajes` (`messageKey`, `catKey`, `catRoot`, `en`, `isCat`, `orden`, `catPasive`, `es`) VALUES ('CHF_CAT_FREC_FUMA_05', '5', 'CHF_CAT_FREC_FUMA', NULL, '0', 5, '0', 'De vez en cuando');

INSERT INTO `mensajes` (`messageKey`, `catKey`, `catRoot`, `en`, `isCat`, `orden`, `catPasive`, `es`) VALUES ('CHF_CAT_MESES', NULL, NULL, NULL, '1', 0, '0', 'Catalogo meses del año CHF');
INSERT INTO `mensajes` (`messageKey`, `catKey`, `catRoot`, `en`, `isCat`, `orden`, `catPasive`, `es`) VALUES ('CHF_CAT_MESES_01', '01', 'CHF_CAT_MESES', NULL, '0', 1, '0', 'Enero');
INSERT INTO `mensajes` (`messageKey`, `catKey`, `catRoot`, `en`, `isCat`, `orden`, `catPasive`, `es`) VALUES ('CHF_CAT_MESES_02', '02', 'CHF_CAT_MESES', NULL, '0', 2, '0', 'Febrero');
INSERT INTO `mensajes` (`messageKey`, `catKey`, `catRoot`, `en`, `isCat`, `orden`, `catPasive`, `es`) VALUES ('CHF_CAT_MESES_03', '03', 'CHF_CAT_MESES', NULL, '0', 3, '0', 'Marzo');
INSERT INTO `mensajes` (`messageKey`, `catKey`, `catRoot`, `en`, `isCat`, `orden`, `catPasive`, `es`) VALUES ('CHF_CAT_MESES_04', '04', 'CHF_CAT_MESES', NULL, '0', 4, '0', 'Abril');
INSERT INTO `mensajes` (`messageKey`, `catKey`, `catRoot`, `en`, `isCat`, `orden`, `catPasive`, `es`) VALUES ('CHF_CAT_MESES_05', '05', 'CHF_CAT_MESES', NULL, '0', 5, '0', 'Mayo');
INSERT INTO `mensajes` (`messageKey`, `catKey`, `catRoot`, `en`, `isCat`, `orden`, `catPasive`, `es`) VALUES ('CHF_CAT_MESES_06', '06', 'CHF_CAT_MESES', NULL, '0', 6, '0', 'Junio');
INSERT INTO `mensajes` (`messageKey`, `catKey`, `catRoot`, `en`, `isCat`, `orden`, `catPasive`, `es`) VALUES ('CHF_CAT_MESES_07', '07', 'CHF_CAT_MESES', NULL, '0', 7, '0', 'Julio');
INSERT INTO `mensajes` (`messageKey`, `catKey`, `catRoot`, `en`, `isCat`, `orden`, `catPasive`, `es`) VALUES ('CHF_CAT_MESES_08', '08', 'CHF_CAT_MESES', NULL, '0', 8, '0', 'Agosto');
INSERT INTO `mensajes` (`messageKey`, `catKey`, `catRoot`, `en`, `isCat`, `orden`, `catPasive`, `es`) VALUES ('CHF_CAT_MESES_09', '09', 'CHF_CAT_MESES', NULL, '0', 9, '0', 'Septiembre');
INSERT INTO `mensajes` (`messageKey`, `catKey`, `catRoot`, `en`, `isCat`, `orden`, `catPasive`, `es`) VALUES ('CHF_CAT_MESES_10', '10', 'CHF_CAT_MESES', NULL, '0', 10, '0', 'Octubre');
INSERT INTO `mensajes` (`messageKey`, `catKey`, `catRoot`, `en`, `isCat`, `orden`, `catPasive`, `es`) VALUES ('CHF_CAT_MESES_11', '11', 'CHF_CAT_MESES', NULL, '0', 11, '0', 'Noviembre');
INSERT INTO `mensajes` (`messageKey`, `catKey`, `catRoot`, `en`, `isCat`, `orden`, `catPasive`, `es`) VALUES ('CHF_CAT_MESES_12', '12', 'CHF_CAT_MESES', NULL, '0', 12, '0', 'Diciembre');

INSERT INTO `mensajes` (`messageKey`, `catKey`, `catRoot`, `en`, `isCat`, `orden`, `catPasive`, `es`) VALUES ('CHF_CAT_EXCLU', NULL, NULL, NULL, '1', 0, '0', 'Catalogo almentacion exclusiva CHF');
INSERT INTO `mensajes` (`messageKey`, `catKey`, `catRoot`, `en`, `isCat`, `orden`, `catPasive`, `es`) VALUES ('CHF_CAT_EXCLU_01', '1', 'CHF_CAT_EXCLU', NULL, '0', 1, '0', 'Exclusivamente');
INSERT INTO `mensajes` (`messageKey`, `catKey`, `catRoot`, `en`, `isCat`, `orden`, `catPasive`, `es`) VALUES ('CHF_CAT_EXCLU_02', '2', 'CHF_CAT_EXCLU', NULL, '0', 2, '0', 'No Exclusivamente');

INSERT INTO `mensajes` (`messageKey`, `catKey`, `catRoot`, `en`, `isCat`, `orden`, `catPasive`, `es`) VALUES ('CHF_CAT_TIEMPECHO', NULL, NULL, NULL, '1', 0, '0', 'Catalogo tiempo dio el pecho CHF');
INSERT INTO `mensajes` (`messageKey`, `catKey`, `catRoot`, `en`, `isCat`, `orden`, `catPasive`, `es`) VALUES ('CHF_CAT_TIEMPECHO_01', '1', 'CHF_CAT_TIEMPECHO', NULL, '0', 1, '0', 'Menos de un mes o un mes');
INSERT INTO `mensajes` (`messageKey`, `catKey`, `catRoot`, `en`, `isCat`, `orden`, `catPasive`, `es`) VALUES ('CHF_CAT_TIEMPECHO_02', '2', 'CHF_CAT_TIEMPECHO', NULL, '0', 2, '0', 'Numero de meses (02- 36)');
INSERT INTO `mensajes` (`messageKey`, `catKey`, `catRoot`, `en`, `isCat`, `orden`, `catPasive`, `es`) VALUES ('CHF_CAT_TIEMPECHO_03', '3', 'CHF_CAT_TIEMPECHO', NULL, '0', 3, '0', 'Aun se lo da');
INSERT INTO `mensajes` (`messageKey`, `catKey`, `catRoot`, `en`, `isCat`, `orden`, `catPasive`, `es`) VALUES ('CHF_CAT_TIEMPECHO_999', '999', 'CHF_CAT_TIEMPECHO', NULL, '0', 4, '0', 'Desconocido');

INSERT INTO `mensajes` (`messageKey`, `catKey`, `catRoot`, `en`, `isCat`, `orden`, `catPasive`, `es`) VALUES ('CHF_CAT_FORM_ALIM', NULL, NULL, NULL, '1', 0, '0', 'Catalogo forma de alimentar nino CHF');
INSERT INTO `mensajes` (`messageKey`, `catKey`, `catRoot`, `en`, `isCat`, `orden`, `catPasive`, `es`) VALUES ('CHF_CAT_FORM_ALIM_01', '1', 'CHF_CAT_FORM_ALIM', NULL, '0', 1, '0', 'Lo alimenta con más leche materna que otro tipo de leche u otros alimentos');
INSERT INTO `mensajes` (`messageKey`, `catKey`, `catRoot`, `en`, `isCat`, `orden`, `catPasive`, `es`) VALUES ('CHF_CAT_FORM_ALIM_02', '2', 'CHF_CAT_FORM_ALIM', NULL, '0', 2, '0', 'Lo alimenta con más alimentos u otros tipos de leche, que leche materna');
INSERT INTO `mensajes` (`messageKey`, `catKey`, `catRoot`, `en`, `isCat`, `orden`, `catPasive`, `es`) VALUES ('CHF_CAT_FORM_ALIM_03', '3', 'CHF_CAT_FORM_ALIM', NULL, '0', 3, '0', 'Lo alimenta igual con leche materna u otro tipo de leche o alimentos');

INSERT INTO `mensajes` (`messageKey`, `catKey`, `catRoot`, `en`, `isCat`, `orden`, `catPasive`, `es`) VALUES ('CHF_CAT_ALIM_EXC', NULL, NULL, NULL, '1', 0, '0', 'Catalogo tiempo le dio el pecho para alimentar exclusivamente CHF');
INSERT INTO `mensajes` (`messageKey`, `catKey`, `catRoot`, `en`, `isCat`, `orden`, `catPasive`, `es`) VALUES ('CHF_CAT_ALIM_EXC_01', '1', 'CHF_CAT_ALIM_EXC', NULL, '0', 1, '0', 'Un mes o menos');
INSERT INTO `mensajes` (`messageKey`, `catKey`, `catRoot`, `en`, `isCat`, `orden`, `catPasive`, `es`) VALUES ('CHF_CAT_ALIM_EXC_02', '2', 'CHF_CAT_ALIM_EXC', NULL, '0', 2, '0', 'Numero de meses (02- 36)');
INSERT INTO `mensajes` (`messageKey`, `catKey`, `catRoot`, `en`, `isCat`, `orden`, `catPasive`, `es`) VALUES ('CHF_CAT_ALIM_EXC_999', '999', 'CHF_CAT_ALIM_EXC', NULL, '0', 4, '0', 'Desconocido');

INSERT INTO `mensajes` (`messageKey`, `catKey`, `catRoot`, `en`, `isCat`, `orden`, `catPasive`, `es`) VALUES ('CHF_CAT_OTRA_ALIM', NULL, NULL, NULL, '1', 0, '0', 'Catalogo otro tipo de alimentación le da o le dio a su bebe CHF');
INSERT INTO `mensajes` (`messageKey`, `catKey`, `catRoot`, `en`, `isCat`, `orden`, `catPasive`, `es`) VALUES ('CHF_CAT_OTRA_ALIM_01', '1', 'CHF_CAT_OTRA_ALIM', NULL, '0', 1, '0', 'Leche distinto a la leche de pecho (incluyendo formula, leche en polvo, leche liquida)');
INSERT INTO `mensajes` (`messageKey`, `catKey`, `catRoot`, `en`, `isCat`, `orden`, `catPasive`, `es`) VALUES ('CHF_CAT_OTRA_ALIM_02', '2', 'CHF_CAT_OTRA_ALIM', NULL, '0', 2, '0', 'Líquidos distinto a leche (incluyendo aguas, refrescos, juegos, te)');
INSERT INTO `mensajes` (`messageKey`, `catKey`, `catRoot`, `en`, `isCat`, `orden`, `catPasive`, `es`) VALUES ('CHF_CAT_OTRA_ALIM_03', '3', 'CHF_CAT_OTRA_ALIM', NULL, '0', 3, '0', '	Alimentos sólidos (atoles, pures, cereales, caldos con frijoles, arroz, sopa o verduras o cualquier otro alimento)');

INSERT INTO `mensajes` (`messageKey`, `catKey`, `catRoot`, `en`, `isCat`, `orden`, `catPasive`, `es`) VALUES ('CHF_CAT_ALIM_DLP', NULL, NULL, NULL, '1', 0, '0', 'Catalogo edad comenzó a darle líquidos distintos a la leche de pecho CHF');
INSERT INTO `mensajes` (`messageKey`, `catKey`, `catRoot`, `en`, `isCat`, `orden`, `catPasive`, `es`) VALUES ('CHF_CAT_ALIM_DLP_01', '1', 'CHF_CAT_ALIM_DLP', NULL, '0', 1, '0', 'Meses (0-24)');
INSERT INTO `mensajes` (`messageKey`, `catKey`, `catRoot`, `en`, `isCat`, `orden`, `catPasive`, `es`) VALUES ('CHF_CAT_ALIM_DLP_02', '2', 'CHF_CAT_ALIM_DLP', NULL, '0', 2, '0', 'Aun no le da dado ningún líquido a parte de la leche de pecho');
INSERT INTO `mensajes` (`messageKey`, `catKey`, `catRoot`, `en`, `isCat`, `orden`, `catPasive`, `es`) VALUES ('CHF_CAT_ALIM_DLP_999', '999', 'CHF_CAT_ALIM_DLP', NULL, '0', 3, '0', 'Desconocido');

INSERT INTO `mensajes` (`messageKey`, `catKey`, `catRoot`, `en`, `isCat`, `orden`, `catPasive`, `es`) VALUES ('CHF_CAT_ALIM_DL', NULL, NULL, NULL, '1', 0, '0', 'Catalogo edad comenzó a darle líquidos distintos a la leche CHF');
INSERT INTO `mensajes` (`messageKey`, `catKey`, `catRoot`, `en`, `isCat`, `orden`, `catPasive`, `es`) VALUES ('CHF_CAT_ALIM_DL_01', '1', 'CHF_CAT_ALIM_DL', NULL, '0', 1, '0', 'Meses (0-36)');
INSERT INTO `mensajes` (`messageKey`, `catKey`, `catRoot`, `en`, `isCat`, `orden`, `catPasive`, `es`) VALUES ('CHF_CAT_ALIM_DL_02', '2', 'CHF_CAT_ALIM_DL', NULL, '0', 2, '0', 'Aun no le da dado ningún líquido a parte de la leche de pecho');
INSERT INTO `mensajes` (`messageKey`, `catKey`, `catRoot`, `en`, `isCat`, `orden`, `catPasive`, `es`) VALUES ('CHF_CAT_ALIM_DL_999', '999', 'CHF_CAT_ALIM_DL', NULL, '0', 3, '0', 'Desconocido');

INSERT INTO `mensajes` (`messageKey`, `catKey`, `catRoot`, `en`, `isCat`, `orden`, `catPasive`, `es`) VALUES ('CHF_CAT_ALIM_SOL', NULL, NULL, NULL, '1', 0, '0', 'Catalogo edad comenzó a darle alimentos sólidos CHF');
INSERT INTO `mensajes` (`messageKey`, `catKey`, `catRoot`, `en`, `isCat`, `orden`, `catPasive`, `es`) VALUES ('CHF_CAT_ALIM_SOL_01', '1', 'CHF_CAT_ALIM_SOL', NULL, '0', 1, '0', 'Meses (0-36)');
INSERT INTO `mensajes` (`messageKey`, `catKey`, `catRoot`, `en`, `isCat`, `orden`, `catPasive`, `es`) VALUES ('CHF_CAT_ALIM_SOL_02', '2', 'CHF_CAT_ALIM_SOL', NULL, '0', 2, '0', 'Aun no le da alimentos sólidos');
INSERT INTO `mensajes` (`messageKey`, `catKey`, `catRoot`, `en`, `isCat`, `orden`, `catPasive`, `es`) VALUES ('CHF_CAT_ALIM_SOL_999', '999', 'CHF_CAT_ALIM_SOL', NULL, '0', 3, '0', 'Desconocido');

INSERT INTO `mensajes` (`messageKey`, `catKey`, `catRoot`, `en`, `isCat`, `orden`, `catPasive`, `es`) VALUES ('CHF_CAT_PROP_MX', NULL, NULL, NULL, '1', 0, '0', 'Catalogo propósito toma de muestra CHF');
INSERT INTO `mensajes` (`messageKey`, `catKey`, `catRoot`, `en`, `isCat`, `orden`, `catPasive`, `es`) VALUES ('CHF_CAT_PROP_MX_01', '1', 'CHF_CAT_PROP_MX', NULL, '0', 1, '0', 'Muestreo anual');
INSERT INTO `mensajes` (`messageKey`, `catKey`, `catRoot`, `en`, `isCat`, `orden`, `catPasive`, `es`) VALUES ('CHF_CAT_PROP_MX_02', '2', 'CHF_CAT_PROP_MX', NULL, '0', 2, '0', 'Muestra enfermo');

INSERT INTO `mensajes` (`messageKey`, `catKey`, `catRoot`, `en`, `isCat`, `orden`, `catPasive`, `es`) VALUES ('CHF_CAT_TIP0_MX', NULL, NULL, NULL, '1', 0, '0', 'Catalogo tipos de muestra CHF');
INSERT INTO `mensajes` (`messageKey`, `catKey`, `catRoot`, `en`, `isCat`, `orden`, `catPasive`, `es`) VALUES ('CHF_CAT_TIP0_MX_01', '1', 'CHF_CAT_TIP0_MX', NULL, '0', 1, '0', 'Sangre');
INSERT INTO `mensajes` (`messageKey`, `catKey`, `catRoot`, `en`, `isCat`, `orden`, `catPasive`, `es`) VALUES ('CHF_CAT_TIP0_MX_02', '2', 'CHF_CAT_TIP0_MX', NULL, '0', 2, '0', 'Hisopado Faringeo');
INSERT INTO `mensajes` (`messageKey`, `catKey`, `catRoot`, `en`, `isCat`, `orden`, `catPasive`, `es`) VALUES ('CHF_CAT_TIP0_MX_03', '3', 'CHF_CAT_TIP0_MX', NULL, '0', 3, '0', 'Hisopado Nasal');
INSERT INTO `mensajes` (`messageKey`, `catKey`, `catRoot`, `en`, `isCat`, `orden`, `catPasive`, `es`) VALUES ('CHF_CAT_TIP0_MX_04', '4', 'CHF_CAT_TIP0_MX', NULL, '0', 4, '0', 'Lavado Nasal');

INSERT INTO `mensajes` (`messageKey`, `catKey`, `catRoot`, `en`, `isCat`, `orden`, `catPasive`, `es`) VALUES ('CHF_CAT_TIP_TUBO_MX', NULL, NULL, NULL, '1', 0, '0', 'Catalogo tipos de tubos muestras CHF');
INSERT INTO `mensajes` (`messageKey`, `catKey`, `catRoot`, `en`, `isCat`, `orden`, `catPasive`, `es`) VALUES ('CHF_CAT_TIP_TUBO_MX_01', '1', 'CHF_CAT_TIP_TUBO_MX', NULL, '0', 1, '0', 'Rojo');
INSERT INTO `mensajes` (`messageKey`, `catKey`, `catRoot`, `en`, `isCat`, `orden`, `catPasive`, `es`) VALUES ('CHF_CAT_TIP_TUBO_MX_02', '2', 'CHF_CAT_TIP_TUBO_MX', NULL, '0', 2, '0', 'BHC');
INSERT INTO `mensajes` (`messageKey`, `catKey`, `catRoot`, `en`, `isCat`, `orden`, `catPasive`, `es`) VALUES ('CHF_CAT_TIP_TUBO_MX_03', '3', 'CHF_CAT_TIP_TUBO_MX', NULL, '0', 3, '0', 'PBMC');

INSERT INTO `mensajes` (`messageKey`, `catKey`, `catRoot`, `en`, `isCat`, `orden`, `catPasive`, `es`) VALUES ('CHF_CAT_RAZON_NO_MX', NULL, NULL, NULL, '1', 0, '0', 'Catalogo razón no se toma muestra CHF');
INSERT INTO `mensajes` (`messageKey`, `catKey`, `catRoot`, `en`, `isCat`, `orden`, `catPasive`, `es`) VALUES ('CHF_CAT_RAZON_NO_MX_01', '1', 'CHF_CAT_RAZON_NO_MX', NULL, '0', 1, '0', 'Muestra difícil');
INSERT INTO `mensajes` (`messageKey`, `catKey`, `catRoot`, `en`, `isCat`, `orden`, `catPasive`, `es`) VALUES ('CHF_CAT_RAZON_NO_MX_02', '2', 'CHF_CAT_RAZON_NO_MX', NULL, '0', 2, '0', 'Se descanalizó');
INSERT INTO `mensajes` (`messageKey`, `catKey`, `catRoot`, `en`, `isCat`, `orden`, `catPasive`, `es`) VALUES ('CHF_CAT_RAZON_NO_MX_03', '3', 'CHF_CAT_RAZON_NO_MX', NULL, '0', 3, '0', 'Se pinchó mas de 2 veces');
INSERT INTO `mensajes` (`messageKey`, `catKey`, `catRoot`, `en`, `isCat`, `orden`, `catPasive`, `es`) VALUES ('CHF_CAT_RAZON_NO_MX_04', '4', 'CHF_CAT_RAZON_NO_MX', NULL, '0', 4, '0', 'Padre/niño no aceptó tomar muestra');
INSERT INTO `mensajes` (`messageKey`, `catKey`, `catRoot`, `en`, `isCat`, `orden`, `catPasive`, `es`) VALUES ('CHF_CAT_RAZON_NO_MX_05', '5', 'CHF_CAT_RAZON_NO_MX', NULL, '0', 5, '0', 'Padre o tutor después de pinchadazo no desea que se le tome mx al niño');
INSERT INTO `mensajes` (`messageKey`, `catKey`, `catRoot`, `en`, `isCat`, `orden`, `catPasive`, `es`) VALUES ('CHF_CAT_RAZON_NO_MX_998', '998', 'CHF_CAT_RAZON_NO_MX', NULL, '0', 6, '0', 'Otra razon');

INSERT INTO `mensajes` (`messageKey`, `catKey`, `catRoot`, `en`, `isCat`, `orden`, `catPasive`, `es`) VALUES ('CHF_CAT_OBSERV_MX', NULL, NULL, NULL, '1', 0, '0', 'Catalogo observaciones toma muestra CHF');
INSERT INTO `mensajes` (`messageKey`, `catKey`, `catRoot`, `en`, `isCat`, `orden`, `catPasive`, `es`) VALUES ('CHF_CAT_OBSERV_MX_01', '1', 'CHF_CAT_OBSERV_MX', NULL, '0', 1, '0', 'Muestra difícil');
INSERT INTO `mensajes` (`messageKey`, `catKey`, `catRoot`, `en`, `isCat`, `orden`, `catPasive`, `es`) VALUES ('CHF_CAT_OBSERV_MX_02', '2', 'CHF_CAT_OBSERV_MX', NULL, '0', 2, '0', 'Ninguna');
INSERT INTO `mensajes` (`messageKey`, `catKey`, `catRoot`, `en`, `isCat`, `orden`, `catPasive`, `es`) VALUES ('CHF_CAT_OBSERV_MX_998', '998', 'CHF_CAT_OBSERV_MX', NULL, '0', 3, '0', 'Otra razon');

INSERT INTO `mensajes` (`messageKey`, `catKey`, `catRoot`, `en`, `isCat`, `orden`, `catPasive`, `es`) VALUES ('CHF_CAT_PINCH_MX', NULL, NULL, NULL, '1', 0, '0', 'Catalogo tipos de muestra CHF');
INSERT INTO `mensajes` (`messageKey`, `catKey`, `catRoot`, `en`, `isCat`, `orden`, `catPasive`, `es`) VALUES ('CHF_CAT_PINCH_MX_01', '0', 'CHF_CAT_PINCH_MX', NULL, '0', 1, '0', '0');
INSERT INTO `mensajes` (`messageKey`, `catKey`, `catRoot`, `en`, `isCat`, `orden`, `catPasive`, `es`) VALUES ('CHF_CAT_PINCH_MX_02', '1', 'CHF_CAT_PINCH_MX', NULL, '0', 2, '0', '1');
INSERT INTO `mensajes` (`messageKey`, `catKey`, `catRoot`, `en`, `isCat`, `orden`, `catPasive`, `es`) VALUES ('CHF_CAT_PINCH_MX_03', '2', 'CHF_CAT_PINCH_MX', NULL, '0', 3, '0', '2');
INSERT INTO `mensajes` (`messageKey`, `catKey`, `catRoot`, `en`, `isCat`, `orden`, `catPasive`, `es`) VALUES ('CHF_CAT_PINCH_MX_04', '3', 'CHF_CAT_PINCH_MX', NULL, '0', 4, '0', '3');
INSERT INTO `mensajes` (`messageKey`, `catKey`, `catRoot`, `en`, `isCat`, `orden`, `catPasive`, `es`) VALUES ('CHF_CAT_PINCH_MX_05', '4', 'CHF_CAT_PINCH_MX', NULL, '0', 5, '0', '4');


INSERT INTO `mensajes` (`messageKey`, `catKey`, `catRoot`, `en`, `isCat`, `orden`, `catPasive`, `es`) VALUES ('CHF_CAT_TIPO_AREA', NULL, NULL, NULL, '1', 0, '0', 'Catalogo tipos de ambientes');
INSERT INTO `mensajes` (`messageKey`, `catKey`, `catRoot`, `en`, `isCat`, `orden`, `catPasive`, `es`) VALUES ('CHF_CAT_TIPO_AREA_01', 'banio', 'CHF_CAT_TIPO_AREA', NULL, '0', 1, '0', 'Baño');
INSERT INTO `mensajes` (`messageKey`, `catKey`, `catRoot`, `en`, `isCat`, `orden`, `catPasive`, `es`) VALUES ('CHF_CAT_TIPO_AREA_02', 'cocina', 'CHF_CAT_TIPO_AREA', NULL, '0', 2, '0', 'Cocina');
INSERT INTO `mensajes` (`messageKey`, `catKey`, `catRoot`, `en`, `isCat`, `orden`, `catPasive`, `es`) VALUES ('CHF_CAT_TIPO_AREA_03', 'comedor', 'CHF_CAT_TIPO_AREA', NULL, '0', 3, '0', 'Comedor');
INSERT INTO `mensajes` (`messageKey`, `catKey`, `catRoot`, `en`, `isCat`, `orden`, `catPasive`, `es`) VALUES ('CHF_CAT_TIPO_AREA_04', 'habitacion', 'CHF_CAT_TIPO_AREA', NULL, '0', 4, '0', 'Habitación');
INSERT INTO `mensajes` (`messageKey`, `catKey`, `catRoot`, `en`, `isCat`, `orden`, `catPasive`, `es`) VALUES ('CHF_CAT_TIPO_AREA_05', 'sala', 'CHF_CAT_TIPO_AREA', NULL, '0', 5, '0', 'Sala');

INSERT INTO `mensajes` (`messageKey`, `catKey`, `catRoot`, `en`, `isCat`, `orden`, `catPasive`, `es`) VALUES ('SA_CAT_FUMIGA', NULL, NULL, NULL, '1', 0, '0', 'Catalogo frecuencia fumigación Seroprevalencia Arbovirus (SA)');
INSERT INTO `mensajes` (`messageKey`, `catKey`, `catRoot`, `en`, `isCat`, `orden`, `catPasive`, `es`) VALUES ('SA_CAT_FUMIGA_01', '1', 'SA_CAT_FUMIGA', NULL, '0', 1, '0', 'Semanal');
INSERT INTO `mensajes` (`messageKey`, `catKey`, `catRoot`, `en`, `isCat`, `orden`, `catPasive`, `es`) VALUES ('SA_CAT_FUMIGA_02', '2', 'SA_CAT_FUMIGA', NULL, '0', 2, '0', 'Mensual');
INSERT INTO `mensajes` (`messageKey`, `catKey`, `catRoot`, `en`, `isCat`, `orden`, `catPasive`, `es`) VALUES ('SA_CAT_FUMIGA_03', '3', 'SA_CAT_FUMIGA', NULL, '0', 3, '0', 'Cada 6 Meses');
INSERT INTO `mensajes` (`messageKey`, `catKey`, `catRoot`, `en`, `isCat`, `orden`, `catPasive`, `es`) VALUES ('SA_CAT_FUMIGA_04', '4', 'SA_CAT_FUMIGA', NULL, '0', 4, '0', 'Una Vez al Año');

INSERT INTO `mensajes` (`messageKey`, `catKey`, `catRoot`, `en`, `isCat`, `orden`, `catPasive`, `es`) VALUES ('SA_CAT_RELFAM', NULL, NULL, NULL, '1', 0, '0', 'Catalogo realación familiar SA');
INSERT INTO `mensajes` (`messageKey`, `catKey`, `catRoot`, `en`, `isCat`, `orden`, `catPasive`, `es`) VALUES ('SA_CAT_RELFAM_01', '1', 'SA_CAT_RELFAM', NULL, '0', 1, '0', 'Pareja');
INSERT INTO `mensajes` (`messageKey`, `catKey`, `catRoot`, `en`, `isCat`, `orden`, `catPasive`, `es`) VALUES ('SA_CAT_RELFAM_02', '2', 'SA_CAT_RELFAM', NULL, '0', 2, '0', 'Hijo');
INSERT INTO `mensajes` (`messageKey`, `catKey`, `catRoot`, `en`, `isCat`, `orden`, `catPasive`, `es`) VALUES ('SA_CAT_RELFAM_03', '3', 'SA_CAT_RELFAM', NULL, '0', 3, '0', 'Padres');
INSERT INTO `mensajes` (`messageKey`, `catKey`, `catRoot`, `en`, `isCat`, `orden`, `catPasive`, `es`) VALUES ('SA_CAT_RELFAM_04', '4', 'SA_CAT_RELFAM', NULL, '0', 4, '0', 'Amigo');
INSERT INTO `mensajes` (`messageKey`, `catKey`, `catRoot`, `en`, `isCat`, `orden`, `catPasive`, `es`) VALUES ('SA_CAT_RELFAM_998', '998', 'SA_CAT_RELFAM', NULL, '0', 5, '0', 'Otra relacion familiar');

INSERT INTO `mensajes` (`messageKey`, `catKey`, `catRoot`, `en`, `isCat`, `orden`, `catPasive`, `es`) VALUES ('SA_CAT_DEF_ZIKA', NULL, NULL, NULL, '1', 0, '0', 'Catalogo definición zika SA');
INSERT INTO `mensajes` (`messageKey`, `catKey`, `catRoot`, `en`, `isCat`, `orden`, `catPasive`, `es`) VALUES ('SA_CAT_DEF_ZIKA_01', '1', 'SA_CAT_DEF_ZIKA', NULL, '0', 1, '0', 'Virus');
INSERT INTO `mensajes` (`messageKey`, `catKey`, `catRoot`, `en`, `isCat`, `orden`, `catPasive`, `es`) VALUES ('SA_CAT_DEF_ZIKA_02', '2', 'SA_CAT_DEF_ZIKA', NULL, '0', 2, '0', 'Bacteria');
INSERT INTO `mensajes` (`messageKey`, `catKey`, `catRoot`, `en`, `isCat`, `orden`, `catPasive`, `es`) VALUES ('SA_CAT_DEF_ZIKA_03', '3', 'SA_CAT_DEF_ZIKA', NULL, '0', 3, '0', 'Una enfermedad');
INSERT INTO `mensajes` (`messageKey`, `catKey`, `catRoot`, `en`, `isCat`, `orden`, `catPasive`, `es`) VALUES ('SA_CAT_DEF_ZIKA_04', '4', 'SA_CAT_DEF_ZIKA', NULL, '0', 4, '0', 'Mosquito');
INSERT INTO `mensajes` (`messageKey`, `catKey`, `catRoot`, `en`, `isCat`, `orden`, `catPasive`, `es`) VALUES ('SA_CAT_DEF_ZIKA_05', '5', 'SA_CAT_DEF_ZIKA', NULL, '0', 5, '0', 'Fiebre');
INSERT INTO `mensajes` (`messageKey`, `catKey`, `catRoot`, `en`, `isCat`, `orden`, `catPasive`, `es`) VALUES ('SA_CAT_DEF_ZIKA_998', '998', 'SA_CAT_DEF_ZIKA', NULL, '0', 6, '0', 'Otra');

INSERT INTO `mensajes` (`messageKey`, `catKey`, `catRoot`, `en`, `isCat`, `orden`, `catPasive`, `es`) VALUES ('SA_CAT_TRA_ZIKA', NULL, NULL, NULL, '1', 0, '0', 'Catalogo transmisión de zika SA');
INSERT INTO `mensajes` (`messageKey`, `catKey`, `catRoot`, `en`, `isCat`, `orden`, `catPasive`, `es`) VALUES ('SA_CAT_TRA_ZIKA_01', '1', 'SA_CAT_TRA_ZIKA', NULL, '0', 1, '0', 'Mosquito');
INSERT INTO `mensajes` (`messageKey`, `catKey`, `catRoot`, `en`, `isCat`, `orden`, `catPasive`, `es`) VALUES ('SA_CAT_TRA_ZIKA_02', '2', 'SA_CAT_TRA_ZIKA', NULL, '0', 2, '0', 'Sexual');
INSERT INTO `mensajes` (`messageKey`, `catKey`, `catRoot`, `en`, `isCat`, `orden`, `catPasive`, `es`) VALUES ('SA_CAT_TRA_ZIKA_03', '3', 'SA_CAT_TRA_ZIKA', NULL, '0', 3, '0', 'Besos/Saliva');
INSERT INTO `mensajes` (`messageKey`, `catKey`, `catRoot`, `en`, `isCat`, `orden`, `catPasive`, `es`) VALUES ('SA_CAT_TRA_ZIKA_04', '4', 'SA_CAT_TRA_ZIKA', NULL, '0', 4, '0', 'Contacto de piel');
INSERT INTO `mensajes` (`messageKey`, `catKey`, `catRoot`, `en`, `isCat`, `orden`, `catPasive`, `es`) VALUES ('SA_CAT_TRA_ZIKA_998', '998', 'SA_CAT_TRA_ZIKA', NULL, '0', 5, '0', 'Otra');

INSERT INTO `mensajes` (`messageKey`, `catKey`, `catRoot`, `en`, `isCat`, `orden`, `catPasive`, `es`) VALUES ('SA_CAT_SINTOMAS', NULL, NULL, NULL, '1', 0, '0', 'Catalogo síntomas SA');
INSERT INTO `mensajes` (`messageKey`, `catKey`, `catRoot`, `en`, `isCat`, `orden`, `catPasive`, `es`) VALUES ('SA_CAT_SINTOMAS_01', '1', 'SA_CAT_SINTOMAS', NULL, '0', 1, '0', 'Rash');
INSERT INTO `mensajes` (`messageKey`, `catKey`, `catRoot`, `en`, `isCat`, `orden`, `catPasive`, `es`) VALUES ('SA_CAT_SINTOMAS_02', '2', 'SA_CAT_SINTOMAS', NULL, '0', 2, '0', 'Fiebre');
INSERT INTO `mensajes` (`messageKey`, `catKey`, `catRoot`, `en`, `isCat`, `orden`, `catPasive`, `es`) VALUES ('SA_CAT_SINTOMAS_03', '3', 'SA_CAT_SINTOMAS', NULL, '0', 3, '0', 'Ojos rojos (conjunctivitis)');
INSERT INTO `mensajes` (`messageKey`, `catKey`, `catRoot`, `en`, `isCat`, `orden`, `catPasive`, `es`) VALUES ('SA_CAT_SINTOMAS_04', '4', 'SA_CAT_SINTOMAS', NULL, '0', 4, '0', 'Dolor de hueso (arthralgia)');
INSERT INTO `mensajes` (`messageKey`, `catKey`, `catRoot`, `en`, `isCat`, `orden`, `catPasive`, `es`) VALUES ('SA_CAT_SINTOMAS_05', '5', 'SA_CAT_SINTOMAS', NULL, '0', 5, '0', 'Dolor de músculos( myalgia)');
INSERT INTO `mensajes` (`messageKey`, `catKey`, `catRoot`, `en`, `isCat`, `orden`, `catPasive`, `es`) VALUES ('SA_CAT_SINTOMAS_06', '6', 'SA_CAT_SINTOMAS', NULL, '0', 6, '0', 'Inflamación  (peri-articular edema)');
INSERT INTO `mensajes` (`messageKey`, `catKey`, `catRoot`, `en`, `isCat`, `orden`, `catPasive`, `es`) VALUES ('SA_CAT_SINTOMAS_996', '996', 'SA_CAT_SINTOMAS', NULL, '0', 7, '0', 'Ninguno');

INSERT INTO `mensajes` (`messageKey`, `catKey`, `catRoot`, `en`, `isCat`, `orden`, `catPasive`, `es`) VALUES ('SA_CAT_SINT_ZIKA', NULL, NULL, NULL, '1', 0, '0', 'Catalogo síntomas de zika SA');
INSERT INTO `mensajes` (`messageKey`, `catKey`, `catRoot`, `en`, `isCat`, `orden`, `catPasive`, `es`) VALUES ('SA_CAT_SINT_ZIKA_01', '1', 'SA_CAT_SINT_ZIKA', NULL, '0', 1, '0', 'Rash');
INSERT INTO `mensajes` (`messageKey`, `catKey`, `catRoot`, `en`, `isCat`, `orden`, `catPasive`, `es`) VALUES ('SA_CAT_SINT_ZIKA_02', '2', 'SA_CAT_SINT_ZIKA', NULL, '0', 2, '0', 'Fiebre');
INSERT INTO `mensajes` (`messageKey`, `catKey`, `catRoot`, `en`, `isCat`, `orden`, `catPasive`, `es`) VALUES ('SA_CAT_SINT_ZIKA_03', '3', 'SA_CAT_SINT_ZIKA', NULL, '0', 3, '0', 'Ojos rojos (conjunctivitis)');
INSERT INTO `mensajes` (`messageKey`, `catKey`, `catRoot`, `en`, `isCat`, `orden`, `catPasive`, `es`) VALUES ('SA_CAT_SINT_ZIKA_04', '4', 'SA_CAT_SINT_ZIKA', NULL, '0', 4, '0', 'Dolor de hueso (arthralgia)');
INSERT INTO `mensajes` (`messageKey`, `catKey`, `catRoot`, `en`, `isCat`, `orden`, `catPasive`, `es`) VALUES ('SA_CAT_SINT_ZIKA_05', '5', 'SA_CAT_SINT_ZIKA', NULL, '0', 5, '0', 'Dolor de músculos( myalgia)');
INSERT INTO `mensajes` (`messageKey`, `catKey`, `catRoot`, `en`, `isCat`, `orden`, `catPasive`, `es`) VALUES ('SA_CAT_SINT_ZIKA_06', '6', 'SA_CAT_SINT_ZIKA', NULL, '0', 6, '0', 'Inflamación  (peri-articular edema)');
INSERT INTO `mensajes` (`messageKey`, `catKey`, `catRoot`, `en`, `isCat`, `orden`, `catPasive`, `es`) VALUES ('SA_CAT_SINT_ZIKA_07', '7', 'SA_CAT_SINT_ZIKA', NULL, '0', 7, '0', 'Diarrea');
INSERT INTO `mensajes` (`messageKey`, `catKey`, `catRoot`, `en`, `isCat`, `orden`, `catPasive`, `es`) VALUES ('SA_CAT_SINT_ZIKA_08', '8', 'SA_CAT_SINT_ZIKA', NULL, '0', 8, '0', 'Dolor de cabeza');
INSERT INTO `mensajes` (`messageKey`, `catKey`, `catRoot`, `en`, `isCat`, `orden`, `catPasive`, `es`) VALUES ('SA_CAT_SINT_ZIKA_09', '9', 'SA_CAT_SINT_ZIKA', NULL, '0', 9, '0', 'Dolor de estómago');
INSERT INTO `mensajes` (`messageKey`, `catKey`, `catRoot`, `en`, `isCat`, `orden`, `catPasive`, `es`) VALUES ('SA_CAT_SINT_ZIKA_10', '10', 'SA_CAT_SINT_ZIKA', NULL, '0', 10, '0', 'Dolor de garganta');
INSERT INTO `mensajes` (`messageKey`, `catKey`, `catRoot`, `en`, `isCat`, `orden`, `catPasive`, `es`) VALUES ('SA_CAT_SINT_ZIKA_11', '11', 'SA_CAT_SINT_ZIKA', NULL, '0', 11, '0', 'Mocos');
INSERT INTO `mensajes` (`messageKey`, `catKey`, `catRoot`, `en`, `isCat`, `orden`, `catPasive`, `es`) VALUES ('SA_CAT_SINT_ZIKA_12', '12', 'SA_CAT_SINT_ZIKA', NULL, '0', 12, '0', 'Toz');

INSERT INTO `mensajes` (`messageKey`, `catKey`, `catRoot`, `en`, `isCat`, `orden`, `catPasive`, `es`) VALUES ('SA_CAT_LUG_LARVA', NULL, NULL, NULL, '1', 0, '0', 'Catalogo lugares ha visto larvas de zika SA');
INSERT INTO `mensajes` (`messageKey`, `catKey`, `catRoot`, `en`, `isCat`, `orden`, `catPasive`, `es`) VALUES ('SA_CAT_LUG_LARVA_01', '1', 'SA_CAT_LUG_LARVA', NULL, '0', 1, '0', 'Barriles');
INSERT INTO `mensajes` (`messageKey`, `catKey`, `catRoot`, `en`, `isCat`, `orden`, `catPasive`, `es`) VALUES ('SA_CAT_LUG_LARVA_02', '2', 'SA_CAT_LUG_LARVA', NULL, '0', 2, '0', 'Floreros');
INSERT INTO `mensajes` (`messageKey`, `catKey`, `catRoot`, `en`, `isCat`, `orden`, `catPasive`, `es`) VALUES ('SA_CAT_LUG_LARVA_03', '3', 'SA_CAT_LUG_LARVA', NULL, '0', 3, '0', 'Botellas');
INSERT INTO `mensajes` (`messageKey`, `catKey`, `catRoot`, `en`, `isCat`, `orden`, `catPasive`, `es`) VALUES ('SA_CAT_LUG_LARVA_04', '4', 'SA_CAT_LUG_LARVA', NULL, '0', 4, '0', 'Botellas de vidrio quebrada');
INSERT INTO `mensajes` (`messageKey`, `catKey`, `catRoot`, `en`, `isCat`, `orden`, `catPasive`, `es`) VALUES ('SA_CAT_LUG_LARVA_05', '5', 'SA_CAT_LUG_LARVA', NULL, '0', 5, '0', 'Platas');
INSERT INTO `mensajes` (`messageKey`, `catKey`, `catRoot`, `en`, `isCat`, `orden`, `catPasive`, `es`) VALUES ('SA_CAT_LUG_LARVA_06', '6', 'SA_CAT_LUG_LARVA', NULL, '0', 6, '0', 'Canales de techo');
INSERT INTO `mensajes` (`messageKey`, `catKey`, `catRoot`, `en`, `isCat`, `orden`, `catPasive`, `es`) VALUES ('SA_CAT_LUG_LARVA_998', '998', 'SA_CAT_LUG_LARVA', NULL, '0', 7, '0', 'Otros lugares');
INSERT INTO `mensajes` (`messageKey`, `catKey`, `catRoot`, `en`, `isCat`, `orden`, `catPasive`, `es`) VALUES ('SA_CAT_LUG_LARVA_07', '7', 'SA_CAT_LUG_LARVA', NULL, '0', 8, '0', 'No ha visto');

INSERT INTO `mensajes` (`messageKey`, `catKey`, `catRoot`, `en`, `isCat`, `orden`, `catPasive`, `es`) VALUES ('ENFERMEDAD_CRN', NULL, NULL, NULL, '1', 0, '0', 'Catalogo de enfermedades crónicas');
INSERT INTO `mensajes` (`messageKey`, `catKey`, `catRoot`, `en`, `isCat`, `orden`, `catPasive`, `es`) VALUES ('ENFERMEDAD_CRN_01', '1', 'ENFERMEDAD_CRN', NULL, '0', 1, '0', 'Cáncer de cualquier tipo');
INSERT INTO `mensajes` (`messageKey`, `catKey`, `catRoot`, `en`, `isCat`, `orden`, `catPasive`, `es`) VALUES ('ENFERMEDAD_CRN_02', '2', 'ENFERMEDAD_CRN', NULL, '0', 2, '0', 'Cardiopatías');
INSERT INTO `mensajes` (`messageKey`, `catKey`, `catRoot`, `en`, `isCat`, `orden`, `catPasive`, `es`) VALUES ('ENFERMEDAD_CRN_03', '3', 'ENFERMEDAD_CRN', NULL, '0', 3, '0', 'Enfermedades hematológicas');
INSERT INTO `mensajes` (`messageKey`, `catKey`, `catRoot`, `en`, `isCat`, `orden`, `catPasive`, `es`) VALUES ('ENFERMEDAD_CRN_04', '4', 'ENFERMEDAD_CRN', NULL, '0', 4, '0', 'Enfermedades Inmunosupresoras');
INSERT INTO `mensajes` (`messageKey`, `catKey`, `catRoot`, `en`, `isCat`, `orden`, `catPasive`, `es`) VALUES ('ENFERMEDAD_CRN_05', '5', 'ENFERMEDAD_CRN', NULL, '0', 5, '0', 'Enfermedades Renales');
INSERT INTO `mensajes` (`messageKey`, `catKey`, `catRoot`, `en`, `isCat`, `orden`, `catPasive`, `es`) VALUES ('ENFERMEDAD_CRN_06', '6', 'ENFERMEDAD_CRN', NULL, '0', 6, '0', 'Epilepsia');
INSERT INTO `mensajes` (`messageKey`, `catKey`, `catRoot`, `en`, `isCat`, `orden`, `catPasive`, `es`) VALUES ('ENFERMEDAD_CRN_07', '7', 'ENFERMEDAD_CRN', NULL, '0', 7, '0', 'Leucemia');
INSERT INTO `mensajes` (`messageKey`, `catKey`, `catRoot`, `en`, `isCat`, `orden`, `catPasive`, `es`) VALUES ('ENFERMEDAD_CRN_08', '8', 'ENFERMEDAD_CRN', NULL, '0', 8, '0', 'Metabólica crónica (Diabetes)');
INSERT INTO `mensajes` (`messageKey`, `catKey`, `catRoot`, `en`, `isCat`, `orden`, `catPasive`, `es`) VALUES ('ENFERMEDAD_CRN_09', '9', 'ENFERMEDAD_CRN', NULL, '0', 14, '0', 'Otra');
INSERT INTO `mensajes` (`messageKey`, `catKey`, `catRoot`, `en`, `isCat`, `orden`, `catPasive`, `es`) VALUES ('ENFERMEDAD_CRN_10', '10', 'ENFERMEDAD_CRN', NULL, '0', 9, '0', 'Trastornos Psiquiatricos/Depresión');
INSERT INTO `mensajes` (`messageKey`, `catKey`, `catRoot`, `en`, `isCat`, `orden`, `catPasive`, `es`) VALUES ('ENFERMEDAD_CRN_11', '11', 'ENFERMEDAD_CRN', NULL, '0', 10, '0', 'Hipertensión arterial');
INSERT INTO `mensajes` (`messageKey`, `catKey`, `catRoot`, `en`, `isCat`, `orden`, `catPasive`, `es`) VALUES ('ENFERMEDAD_CRN_12', '12', 'ENFERMEDAD_CRN', NULL, '0', 11, '0', 'Artritis Reumatoide');
INSERT INTO `mensajes` (`messageKey`, `catKey`, `catRoot`, `en`, `isCat`, `orden`, `catPasive`, `es`) VALUES ('ENFERMEDAD_CRN_13', '13', 'ENFERMEDAD_CRN', NULL, '0', 12, '0', 'Asma');
INSERT INTO `mensajes` (`messageKey`, `catKey`, `catRoot`, `en`, `isCat`, `orden`, `catPasive`, `es`) VALUES ('ENFERMEDAD_CRN_14', '14', 'ENFERMEDAD_CRN', NULL, '0', 13, '0', 'Tuberculosis');

INSERT INTO `mensajes` (`messageKey`, `catKey`, `catRoot`, `en`, `isCat`, `orden`, `catPasive`, `es`) VALUES ('CENTRO_EST', NULL, NULL, NULL, '1', 0, '0', 'Catalogo de centros de estudios');
INSERT INTO `mensajes` (`messageKey`, `catKey`, `catRoot`, `en`, `isCat`, `orden`, `catPasive`, `es`) VALUES ('CENTRO_EST_002', '2', 'CENTRO_EST', NULL, '0', 1, '0', 'Centro Cristiano Evangelístico');
INSERT INTO `mensajes` (`messageKey`, `catKey`, `catRoot`, `en`, `isCat`, `orden`, `catPasive`, `es`) VALUES ('CENTRO_EST_004', '4', 'CENTRO_EST', NULL, '0', 2, '0', 'Corazón De Jesús');
INSERT INTO `mensajes` (`messageKey`, `catKey`, `catRoot`, `en`, `isCat`, `orden`, `catPasive`, `es`) VALUES ('CENTRO_EST_006', '6', 'CENTRO_EST', NULL, '0', 3, '0', 'Instituto Gaspar García Laviana');
INSERT INTO `mensajes` (`messageKey`, `catKey`, `catRoot`, `en`, `isCat`, `orden`, `catPasive`, `es`) VALUES ('CENTRO_EST_007', '7', 'CENTRO_EST', NULL, '0', 4, '0', 'José Dolores Estrada');
INSERT INTO `mensajes` (`messageKey`, `catKey`, `catRoot`, `en`, `isCat`, `orden`, `catPasive`, `es`) VALUES ('CENTRO_EST_008', '8', 'CENTRO_EST', NULL, '0', 5, '0', 'José Santos Zelaya');
INSERT INTO `mensajes` (`messageKey`, `catKey`, `catRoot`, `en`, `isCat`, `orden`, `catPasive`, `es`) VALUES ('CENTRO_EST_009', '9', 'CENTRO_EST', NULL, '0', 6, '0', 'Capilla Del Calvario');
INSERT INTO `mensajes` (`messageKey`, `catKey`, `catRoot`, `en`, `isCat`, `orden`, `catPasive`, `es`) VALUES ('CENTRO_EST_011', '11', 'CENTRO_EST', NULL, '0', 7, '0', 'Salomón De La Selva/ Paul Harris/ La Aceitera');
INSERT INTO `mensajes` (`messageKey`, `catKey`, `catRoot`, `en`, `isCat`, `orden`, `catPasive`, `es`) VALUES ('CENTRO_EST_014', '14', 'CENTRO_EST', NULL, '0', 8, '0', 'Centro Escolar El Alba');
INSERT INTO `mensajes` (`messageKey`, `catKey`, `catRoot`, `en`, `isCat`, `orden`, `catPasive`, `es`) VALUES ('CENTRO_EST_016', '16', 'CENTRO_EST', NULL, '0', 9, '0', 'San Martín');
INSERT INTO `mensajes` (`messageKey`, `catKey`, `catRoot`, `en`, `isCat`, `orden`, `catPasive`, `es`) VALUES ('CENTRO_EST_022', '22', 'CENTRO_EST', NULL, '0', 10, '0', 'Panamericana/ Zulema Baltodano');
INSERT INTO `mensajes` (`messageKey`, `catKey`, `catRoot`, `en`, `isCat`, `orden`, `catPasive`, `es`) VALUES ('CENTRO_EST_025', '25', 'CENTRO_EST', NULL, '0', 11, '0', 'Pedro Joaquín Chamorro');
INSERT INTO `mensajes` (`messageKey`, `catKey`, `catRoot`, `en`, `isCat`, `orden`, `catPasive`, `es`) VALUES ('CENTRO_EST_028', '28', 'CENTRO_EST', NULL, '0', 12, '0', 'Parroquial Santa Ana');
INSERT INTO `mensajes` (`messageKey`, `catKey`, `catRoot`, `en`, `isCat`, `orden`, `catPasive`, `es`) VALUES ('CENTRO_EST_030', '30', 'CENTRO_EST', NULL, '0', 13, '0', 'Enmanuel');
INSERT INTO `mensajes` (`messageKey`, `catKey`, `catRoot`, `en`, `isCat`, `orden`, `catPasive`, `es`) VALUES ('CENTRO_EST_034', '34', 'CENTRO_EST', NULL, '0', 14, '0', 'Gasparin');
INSERT INTO `mensajes` (`messageKey`, `catKey`, `catRoot`, `en`, `isCat`, `orden`, `catPasive`, `es`) VALUES ('CENTRO_EST_038', '38', 'CENTRO_EST', NULL, '0', 15, '0', 'Abejita Huch');
INSERT INTO `mensajes` (`messageKey`, `catKey`, `catRoot`, `en`, `isCat`, `orden`, `catPasive`, `es`) VALUES ('CENTRO_EST_041', '41', 'CENTRO_EST', NULL, '0', 16, '0', 'Integral De Managua');
INSERT INTO `mensajes` (`messageKey`, `catKey`, `catRoot`, `en`, `isCat`, `orden`, `catPasive`, `es`) VALUES ('CENTRO_EST_042', '42', 'CENTRO_EST', NULL, '0', 17, '0', 'Iglesia Cristo Del Rosario');
INSERT INTO `mensajes` (`messageKey`, `catKey`, `catRoot`, `en`, `isCat`, `orden`, `catPasive`, `es`) VALUES ('CENTRO_EST_043', '43', 'CENTRO_EST', NULL, '0', 18, '0', 'San Sebastián');
INSERT INTO `mensajes` (`messageKey`, `catKey`, `catRoot`, `en`, `isCat`, `orden`, `catPasive`, `es`) VALUES ('CENTRO_EST_044', '44', 'CENTRO_EST', NULL, '0', 19, '0', 'Redentor');
INSERT INTO `mensajes` (`messageKey`, `catKey`, `catRoot`, `en`, `isCat`, `orden`, `catPasive`, `es`) VALUES ('CENTRO_EST_046', '46', 'CENTRO_EST', NULL, '0', 20, '0', 'Nuestra Señora De La Merced (Walter Garcia)');
INSERT INTO `mensajes` (`messageKey`, `catKey`, `catRoot`, `en`, `isCat`, `orden`, `catPasive`, `es`) VALUES ('CENTRO_EST_049', '49', 'CENTRO_EST', NULL, '0', 21, '0', 'Guardabarranco');
INSERT INTO `mensajes` (`messageKey`, `catKey`, `catRoot`, `en`, `isCat`, `orden`, `catPasive`, `es`) VALUES ('CENTRO_EST_055', '55', 'CENTRO_EST', NULL, '0', 22, '0', 'Instituto Cristiano Jerusalén');
INSERT INTO `mensajes` (`messageKey`, `catKey`, `catRoot`, `en`, `isCat`, `orden`, `catPasive`, `es`) VALUES ('CENTRO_EST_064', '64', 'CENTRO_EST', NULL, '0', 23, '0', 'Monte De Sion');
INSERT INTO `mensajes` (`messageKey`, `catKey`, `catRoot`, `en`, `isCat`, `orden`, `catPasive`, `es`) VALUES ('CENTRO_EST_076', '76', 'CENTRO_EST', NULL, '0', 24, '0', 'William Diaz Romero');
INSERT INTO `mensajes` (`messageKey`, `catKey`, `catRoot`, `en`, `isCat`, `orden`, `catPasive`, `es`) VALUES ('CENTRO_EST_077', '77', 'CENTRO_EST', NULL, '0', 25, '0', 'Nicaraguita');
INSERT INTO `mensajes` (`messageKey`, `catKey`, `catRoot`, `en`, `isCat`, `orden`, `catPasive`, `es`) VALUES ('CENTRO_EST_089', '89', 'CENTRO_EST', NULL, '0', 26, '0', 'Casa Comunal San José');
INSERT INTO `mensajes` (`messageKey`, `catKey`, `catRoot`, `en`, `isCat`, `orden`, `catPasive`, `es`) VALUES ('CENTRO_EST_096', '96', 'CENTRO_EST', NULL, '0', 27, '0', 'Jerusalén');
INSERT INTO `mensajes` (`messageKey`, `catKey`, `catRoot`, `en`, `isCat`, `orden`, `catPasive`, `es`) VALUES ('CENTRO_EST_124', '124', 'CENTRO_EST', NULL, '0', 28, '0', 'Rayito De Luz');
INSERT INTO `mensajes` (`messageKey`, `catKey`, `catRoot`, `en`, `isCat`, `orden`, `catPasive`, `es`) VALUES ('CENTRO_EST_126', '126', 'CENTRO_EST', NULL, '0', 29, '0', 'Pre-Escolar Comunitario');
INSERT INTO `mensajes` (`messageKey`, `catKey`, `catRoot`, `en`, `isCat`, `orden`, `catPasive`, `es`) VALUES ('CENTRO_EST_141', '141', 'CENTRO_EST', NULL, '0', 30, '0', 'Oasis De Esperanza');
INSERT INTO `mensajes` (`messageKey`, `catKey`, `catRoot`, `en`, `isCat`, `orden`, `catPasive`, `es`) VALUES ('CENTRO_EST_143', '143', 'CENTRO_EST', NULL, '0', 31, '0', 'Pre Escolar Sacuanjoche');
INSERT INTO `mensajes` (`messageKey`, `catKey`, `catRoot`, `en`, `isCat`, `orden`, `catPasive`, `es`) VALUES ('CENTRO_EST_153', '153', 'CENTRO_EST', NULL, '0', 32, '0', 'Instituto Monseñor Lezcano');
INSERT INTO `mensajes` (`messageKey`, `catKey`, `catRoot`, `en`, `isCat`, `orden`, `catPasive`, `es`) VALUES ('CENTRO_EST_201', '201', 'CENTRO_EST', NULL, '0', 33, '0', 'Casa Comunal Boer "Hormiguita"');
INSERT INTO `mensajes` (`messageKey`, `catKey`, `catRoot`, `en`, `isCat`, `orden`, `catPasive`, `es`) VALUES ('CENTRO_EST_202', '202', 'CENTRO_EST', NULL, '0', 34, '0', 'Casa Comunal Juan Pablo II');
INSERT INTO `mensajes` (`messageKey`, `catKey`, `catRoot`, `en`, `isCat`, `orden`, `catPasive`, `es`) VALUES ('CENTRO_EST_203', '203', 'CENTRO_EST', NULL, '0', 35, '0', 'CDI Monseñor Lezcano');
INSERT INTO `mensajes` (`messageKey`, `catKey`, `catRoot`, `en`, `isCat`, `orden`, `catPasive`, `es`) VALUES ('CENTRO_EST_204', '204', 'CENTRO_EST', NULL, '0', 36, '0', 'CDI San Sebastián');
INSERT INTO `mensajes` (`messageKey`, `catKey`, `catRoot`, `en`, `isCat`, `orden`, `catPasive`, `es`) VALUES ('CENTRO_EST_209', '209', 'CENTRO_EST', NULL, '0', 37, '0', 'Centro Infantil CDI Niño De Jesús');
INSERT INTO `mensajes` (`messageKey`, `catKey`, `catRoot`, `en`, `isCat`, `orden`, `catPasive`, `es`) VALUES ('CENTRO_EST_211', '211', 'CENTRO_EST', NULL, '0', 38, '0', 'Colegio Bautista Redentor');
INSERT INTO `mensajes` (`messageKey`, `catKey`, `catRoot`, `en`, `isCat`, `orden`, `catPasive`, `es`) VALUES ('CENTRO_EST_226', '226', 'CENTRO_EST', NULL, '0', 39, '0', 'Comedor Pablo María');
INSERT INTO `mensajes` (`messageKey`, `catKey`, `catRoot`, `en`, `isCat`, `orden`, `catPasive`, `es`) VALUES ('CENTRO_EST_227', '227', 'CENTRO_EST', NULL, '0', 40, '0', 'Escuela Delfincitos Del Bóer');
INSERT INTO `mensajes` (`messageKey`, `catKey`, `catRoot`, `en`, `isCat`, `orden`, `catPasive`, `es`) VALUES ('CENTRO_EST_233', '233', 'CENTRO_EST', NULL, '0', 41, '0', 'Colegio Silviano Matamoros');
INSERT INTO `mensajes` (`messageKey`, `catKey`, `catRoot`, `en`, `isCat`, `orden`, `catPasive`, `es`) VALUES ('CENTRO_EST_235', '235', 'CENTRO_EST', NULL, '0', 49, '0', 'Otra');
INSERT INTO `mensajes` (`messageKey`, `catKey`, `catRoot`, `en`, `isCat`, `orden`, `catPasive`, `es`) VALUES ('CENTRO_EST_237', '237', 'CENTRO_EST', NULL, '0', 42, '0', 'Pre-Escolar Enmanuel');
INSERT INTO `mensajes` (`messageKey`, `catKey`, `catRoot`, `en`, `isCat`, `orden`, `catPasive`, `es`) VALUES ('CENTRO_EST_238', '238', 'CENTRO_EST', NULL, '0', 43, '0', 'Pre-Escolar Gasparín');
INSERT INTO `mensajes` (`messageKey`, `catKey`, `catRoot`, `en`, `isCat`, `orden`, `catPasive`, `es`) VALUES ('CENTRO_EST_239', '239', 'CENTRO_EST', NULL, '0', 44, '0', 'Pre-Escolar Los Cariñositos');
INSERT INTO `mensajes` (`messageKey`, `catKey`, `catRoot`, `en`, `isCat`, `orden`, `catPasive`, `es`) VALUES ('CENTRO_EST_240', '240', 'CENTRO_EST', NULL, '0', 45, '0', 'Pre-Escolar Sacuanjoche');
INSERT INTO `mensajes` (`messageKey`, `catKey`, `catRoot`, `en`, `isCat`, `orden`, `catPasive`, `es`) VALUES ('CENTRO_EST_241', '241', 'CENTRO_EST', NULL, '0', 46, '0', 'Preescolar San José');
INSERT INTO `mensajes` (`messageKey`, `catKey`, `catRoot`, `en`, `isCat`, `orden`, `catPasive`, `es`) VALUES ('CENTRO_EST_243', '243', 'CENTRO_EST', NULL, '0', 47, '0', 'Colegio Romanos 8:28');
INSERT INTO `mensajes` (`messageKey`, `catKey`, `catRoot`, `en`, `isCat`, `orden`, `catPasive`, `es`) VALUES ('CENTRO_EST_244', '244', 'CENTRO_EST', NULL, '0', 48, '0', 'Colegio Huellas De Dios');

INSERT INTO `mensajes` (`messageKey`, `catKey`, `catRoot`, `en`, `isCat`, `orden`, `catPasive`, `es`) VALUES ('CAT_TIPO_TEL', NULL, NULL, NULL, '1', 0, '0', 'Catalogo tipos de telefono');
INSERT INTO `mensajes` (`messageKey`, `catKey`, `catRoot`, `en`, `isCat`, `orden`, `catPasive`, `es`) VALUES ('CAT_TIPO_TEL_01', '1', 'CAT_TIPO_TEL', NULL, '0', 1, '0', 'Celular');
INSERT INTO `mensajes` (`messageKey`, `catKey`, `catRoot`, `en`, `isCat`, `orden`, `catPasive`, `es`) VALUES ('CAT_TIPO_TEL_02', '2', 'CAT_TIPO_TEL', NULL, '0', 2, '0', 'Convencional');

INSERT INTO `mensajes` (`messageKey`, `catKey`, `catRoot`, `en`, `isCat`, `orden`, `catPasive`, `es`) VALUES ('CAT_OPER_TEL', NULL, NULL, NULL, '1', 0, '0', 'Catalogo operadoras de telefono');
INSERT INTO `mensajes` (`messageKey`, `catKey`, `catRoot`, `en`, `isCat`, `orden`, `catPasive`, `es`) VALUES ('CAT_OPER_TEL_01', '1', 'CAT_OPER_TEL', NULL, '0', 1, '0', 'Movistar');
INSERT INTO `mensajes` (`messageKey`, `catKey`, `catRoot`, `en`, `isCat`, `orden`, `catPasive`, `es`) VALUES ('CAT_OPER_TEL_02', '2', 'CAT_OPER_TEL', NULL, '0', 2, '0', 'Claro');
INSERT INTO `mensajes` (`messageKey`, `catKey`, `catRoot`, `en`, `isCat`, `orden`, `catPasive`, `es`) VALUES ('CAT_OPER_TEL_03', '3', 'CAT_OPER_TEL', NULL, '0', 3, '0', 'Cootel');

INSERT INTO `mensajes` (`messageKey`, `catKey`, `catRoot`, `en`, `isCat`, `orden`, `catPasive`, `es`) VALUES ('CAT_LUGAR_RECEP', NULL, NULL, NULL, '1', 0, '0', 'Catalogo lugar de recepción de muestras');
INSERT INTO `mensajes` (`messageKey`, `catKey`, `catRoot`, `en`, `isCat`, `orden`, `catPasive`, `es`) VALUES ('CAT_LUGAR_RECEP_01', '1', 'CAT_LUGAR_RECEP', NULL, '0', 1, '0', 'Auditorio');
INSERT INTO `mensajes` (`messageKey`, `catKey`, `catRoot`, `en`, `isCat`, `orden`, `catPasive`, `es`) VALUES ('CAT_LUGAR_RECEP_02', '2', 'CAT_LUGAR_RECEP', NULL, '0', 2, '0', 'Terreno');


INSERT INTO `mensajes` (`messageKey`, `catKey`, `catRoot`, `en`, `isCat`, `orden`, `catPasive`, `es`) VALUES ('CHF_CAT_TIPO_INTERACCION', NULL, NULL, NULL, '1', 0, '0', 'Catalogo tipo de interaccion participantes');
INSERT INTO `mensajes` (`messageKey`, `catKey`, `catRoot`, `en`, `isCat`, `orden`, `catPasive`, `es`) VALUES ('CHF_CAT_TIPO_INTERACCION_01', '1', 'CHF_CAT_TIPO_INTERACCION', NULL, '0', 1, '0', 'Contacto físico');
INSERT INTO `mensajes` (`messageKey`, `catKey`, `catRoot`, `en`, `isCat`, `orden`, `catPasive`, `es`) VALUES ('CHF_CAT_TIPO_INTERACCION_02', '2', 'CHF_CAT_TIPO_INTERACCION', NULL, '0', 2, '0', 'Jugaron juntos');
INSERT INTO `mensajes` (`messageKey`, `catKey`, `catRoot`, `en`, `isCat`, `orden`, `catPasive`, `es`) VALUES ('CHF_CAT_TIPO_INTERACCION_03', '3', 'CHF_CAT_TIPO_INTERACCION', NULL, '0', 3, '0', 'Comieron juntos');
INSERT INTO `mensajes` (`messageKey`, `catKey`, `catRoot`, `en`, `isCat`, `orden`, `catPasive`, `es`) VALUES ('CHF_CAT_TIPO_INTERACCION_04', '4', 'CHF_CAT_TIPO_INTERACCION', NULL, '0', 4, '0', 'Conversaron');
INSERT INTO `mensajes` (`messageKey`, `catKey`, `catRoot`, `en`, `isCat`, `orden`, `catPasive`, `es`) VALUES ('CHF_CAT_TIPO_INTERACCION_05', '5', 'CHF_CAT_TIPO_INTERACCION', NULL, '0', 5, '0', 'Estuvieron en la misma habitación');
INSERT INTO `mensajes` (`messageKey`, `catKey`, `catRoot`, `en`, `isCat`, `orden`, `catPasive`, `es`) VALUES ('CHF_CAT_TIPO_INTERACCION_06', '6', 'CHF_CAT_TIPO_INTERACCION', NULL, '0', 6, '0', '¿Cuidó a un miembro del hogar que estaba enfermo?');
INSERT INTO `mensajes` (`messageKey`, `catKey`, `catRoot`, `en`, `isCat`, `orden`, `catPasive`, `es`) VALUES ('CHF_CAT_TIPO_INTERACCION_07', '7', 'CHF_CAT_TIPO_INTERACCION', NULL, '0', 7, '0', '¿Durmió en la misma habitación que esta persona?');

INSERT INTO `mensajes` (`messageKey`, `catKey`, `catRoot`, `en`, `isCat`, `orden`, `catPasive`, `es`) VALUES ('CHF_CAT_TIEMPO_INTERACCION', NULL, NULL, NULL, '1', 0, '0', 'Catalogo tiempo de interaccion participantes');
INSERT INTO `mensajes` (`messageKey`, `catKey`, `catRoot`, `en`, `isCat`, `orden`, `catPasive`, `es`) VALUES ('CHF_CAT_TIEMPO_INTERACCION_01', '1', 'CHF_CAT_TIEMPO_INTERACCION', NULL, '0', 1, '0', '00-15 Minutos');
INSERT INTO `mensajes` (`messageKey`, `catKey`, `catRoot`, `en`, `isCat`, `orden`, `catPasive`, `es`) VALUES ('CHF_CAT_TIEMPO_INTERACCION_02', '2', 'CHF_CAT_TIEMPO_INTERACCION', NULL, '0', 2, '0', '15-30 Minutos');
INSERT INTO `mensajes` (`messageKey`, `catKey`, `catRoot`, `en`, `isCat`, `orden`, `catPasive`, `es`) VALUES ('CHF_CAT_TIEMPO_INTERACCION_03', '3', 'CHF_CAT_TIEMPO_INTERACCION', NULL, '0', 3, '0', '30-60 Minutos');
INSERT INTO `mensajes` (`messageKey`, `catKey`, `catRoot`, `en`, `isCat`, `orden`, `catPasive`, `es`) VALUES ('CHF_CAT_TIEMPO_INTERACCION_04', '4', 'CHF_CAT_TIEMPO_INTERACCION', NULL, '0', 4, '0', 'Mas de 60 Minutos');
INSERT INTO `mensajes` (`messageKey`, `catKey`, `catRoot`, `en`, `isCat`, `orden`, `catPasive`, `es`) VALUES ('CHF_CAT_TIEMPO_INTERACCION_05', '5', 'CHF_CAT_TIEMPO_INTERACCION', NULL, '0', 5, '0', 'No tuvo contacto');

/*Usuarios*/
INSERT INTO `mensajes` (`messageKey`, `es`, `catPasive`, `isCat`, `orden`) VALUES ( 'username', 'Usuario','0','0',0);
INSERT INTO `mensajes` (`messageKey`, `es`, `catPasive`, `isCat`, `orden`) VALUES ( 'userdesc', 'Descripcion','0','0',0);
INSERT INTO `mensajes` (`messageKey`, `es`, `catPasive`, `isCat`, `orden`) VALUES ( 'useremail', 'Correo','0','0',0);
INSERT INTO `mensajes` (`messageKey`, `es`, `catPasive`, `isCat`, `orden`) VALUES ( 'userlock', 'Bloqueado','0','0',0);
INSERT INTO `mensajes` (`messageKey`, `es`, `catPasive`, `isCat`, `orden`) VALUES ( 'usercred', 'Contrasena vencida','0','0',0);
INSERT INTO `mensajes` (`messageKey`, `es`, `catPasive`, `isCat`, `orden`) VALUES ( 'userexp', 'Cuenta vencida','0','0',0);
INSERT INTO `mensajes` (`messageKey`, `es`, `catPasive`, `isCat`, `orden`) VALUES ( 'userroles', 'Roles','0','0',0);
INSERT INTO `mensajes` (`messageKey`, `es`, `catPasive`, `isCat`, `orden`) VALUES ( 'user.updated', 'Usuario actualizado','0','0',0);
INSERT INTO `mensajes` (`messageKey`, `es`, `catPasive`, `isCat`, `orden`) VALUES ( 'user.created', 'Usuario creado','0','0',0);
INSERT INTO `mensajes` (`messageKey`, `es`, `catPasive`, `isCat`, `orden`) VALUES ( 'profile', 'Perfil','0','0',0);
/*Accesos*/
INSERT INTO `mensajes` (`messageKey`, `es`, `catPasive`, `isCat`, `orden`) VALUES ( 'access', 'Accesos de usuario','0','0',0);
INSERT INTO `mensajes` (`messageKey`, `es`, `catPasive`, `isCat`, `orden`) VALUES ( 'lastAccess', 'Ultimo acceso','0','0',0);
INSERT INTO `mensajes` (`messageKey`, `es`, `catPasive`, `isCat`, `orden`) VALUES ( 'dateCredentials', 'Ultimo cambio de contrasena','0','0',0);
INSERT INTO `mensajes` (`messageKey`, `es`, `catPasive`, `isCat`, `orden`) VALUES ( 'session', 'Id de sesion','0','0',0);
INSERT INTO `mensajes` (`messageKey`, `es`, `catPasive`, `isCat`, `orden`) VALUES ( 'ipaddress', 'Direccion IP','0','0',0);
INSERT INTO `mensajes` (`messageKey`, `es`, `catPasive`, `isCat`, `orden`) VALUES ( 'logindate', 'Fecha ingreso','0','0',0);
INSERT INTO `mensajes` (`messageKey`, `es`, `catPasive`, `isCat`, `orden`) VALUES ( 'logoutdate', 'Fecha salida','0','0',0);
INSERT INTO `mensajes` (`messageKey`, `es`, `catPasive`, `isCat`, `orden`) VALUES ( 'logouturl', 'URL salida','0','0',0);

/*Audit trail*/
INSERT INTO `mensajes` (`messageKey`, `es`, `catPasive`, `isCat`, `orden`) VALUES ( 'audittrail', 'Bitacora de cambios','0','0',0);
INSERT INTO `mensajes` (`messageKey`, `es`, `catPasive`, `isCat`, `orden`) VALUES ( 'entityClass', 'Clase','0','0',0);
INSERT INTO `mensajes` (`messageKey`, `es`, `catPasive`, `isCat`, `orden`) VALUES ( 'entityName', 'Nombre','0','0',0);
INSERT INTO `mensajes` (`messageKey`, `es`, `catPasive`, `isCat`, `orden`) VALUES ( 'entityProperty', 'Propiedad','0','0',0);
INSERT INTO `mensajes` (`messageKey`, `es`, `catPasive`, `isCat`, `orden`) VALUES ( 'entityPropertyOldValue', 'Valor anterior','0','0',0);
INSERT INTO `mensajes` (`messageKey`, `es`, `catPasive`, `isCat`, `orden`) VALUES ( 'entityPropertyNewValue', 'Nuevo valor','0','0',0);

/*Roles*/
INSERT INTO `mensajes` (`messageKey`, `es`, `catPasive`, `isCat`, `orden`) VALUES ( 'ROLE_ADMIN', 'Administrador','0','0',0);
INSERT INTO `mensajes` (`messageKey`, `es`, `catPasive`, `isCat`, `orden`) VALUES ( 'ROLE_QC', 'Usuario web','0','0',0);
INSERT INTO `mensajes` (`messageKey`, `es`, `catPasive`, `isCat`, `orden`) VALUES ( 'ROLE_MOVIL', 'Usuario movil','0','0',0);

/*Metadata*/
INSERT INTO `mensajes` (`messageKey`, `es`, `catPasive`, `isCat`, `orden`) VALUES ( 'createdBy', 'Creado por','0','0',0);
INSERT INTO `mensajes` (`messageKey`, `es`, `catPasive`, `isCat`, `orden`) VALUES ( 'dateCreated', 'Fecha creacion','0','0',0);
INSERT INTO `mensajes` (`messageKey`, `es`, `catPasive`, `isCat`, `orden`) VALUES ( 'modifiedBy', 'Modificado por','0','0',0);
INSERT INTO `mensajes` (`messageKey`, `es`, `catPasive`, `isCat`, `orden`) VALUES ( 'dateModified', 'Fecha de modificacion','0','0',0);
INSERT INTO `mensajes` (`messageKey`, `es`, `catPasive`, `isCat`, `orden`) VALUES ( 'active', 'Activo','0','0',0);
INSERT INTO `mensajes` (`messageKey`, `es`, `catPasive`, `isCat`, `orden`) VALUES ( 'addedBy', 'Agregado por','0','0',0);
INSERT INTO `mensajes` (`messageKey`, `es`, `catPasive`, `isCat`, `orden`) VALUES ( 'dateAdded', 'Fecha','0','0',0);

/*Acciones, todas las paginas*/
INSERT INTO `mensajes` (`messageKey`, `es`, `catPasive`, `isCat`, `orden`) VALUES ( 'actions', 'Acciones','0','0',0);
INSERT INTO `mensajes` (`messageKey`, `es`, `catPasive`, `isCat`, `orden`) VALUES ( 'add', 'Agregar','0','0',0);
INSERT INTO `mensajes` (`messageKey`, `es`, `catPasive`, `isCat`, `orden`) VALUES ( 'save', 'Guardar','0','0',0);
INSERT INTO `mensajes` (`messageKey`, `es`, `catPasive`, `isCat`, `orden`) VALUES ( 'edit', 'Editar','0','0',0);
INSERT INTO `mensajes` (`messageKey`, `es`, `catPasive`, `isCat`, `orden`) VALUES ( 'cancel', 'Cancelar','0','0',0);
INSERT INTO `mensajes` (`messageKey`, `es`, `catPasive`, `isCat`, `orden`) VALUES ( 'disable', 'Deshabilitar','0','0',0);
INSERT INTO `mensajes` (`messageKey`, `es`, `catPasive`, `isCat`, `orden`) VALUES ( 'enable', 'Habilitar','0','0',0);
INSERT INTO `mensajes` (`messageKey`, `es`, `catPasive`, `isCat`, `orden`) VALUES ( 'end', 'Finalizar','0','0',0);
INSERT INTO `mensajes` (`messageKey`, `es`, `catPasive`, `isCat`, `orden`) VALUES ( 'unlock', 'Desbloquear','0','0',0);
INSERT INTO `mensajes` (`messageKey`, `es`, `catPasive`, `isCat`, `orden`) VALUES ( 'lock', 'Bloquear','0','0',0);
INSERT INTO `mensajes` (`messageKey`, `es`, `catPasive`, `isCat`, `orden`) VALUES ( 'export', 'Exportar','0','0',0);
INSERT INTO `mensajes` (`messageKey`, `es`, `catPasive`, `isCat`, `orden`) VALUES ( 'ok', 'Aceptar','0','0',0);
INSERT INTO `mensajes` (`messageKey`, `es`, `catPasive`, `isCat`, `orden`) VALUES ( 'search', 'Buscar','0','0',0);
INSERT INTO `mensajes` (`messageKey`, `es`, `catPasive`, `isCat`, `orden`) VALUES ( 'confirm', 'Confirmar','0','0',0);
INSERT INTO `mensajes` (`messageKey`, `es`, `catPasive`, `isCat`, `orden`) VALUES ( 'please.enter', 'Favor ingresar','0','0',0);
INSERT INTO `mensajes` (`messageKey`, `es`, `catPasive`, `isCat`, `orden`) VALUES ('delete', 'Eliminar', '0','0',0);
INSERT INTO `mensajes` (`messageKey`, `es`, `catPasive`, `isCat`, `orden`) VALUES ('generate', 'Generar', '0','0',0);

/*Mensajes generales, todas las paginas*/
INSERT INTO `mensajes` (`messageKey`, `es`, `catPasive`, `isCat`, `orden`) VALUES ( 'enabled', 'Habilitado','0','0',0);
INSERT INTO `mensajes` (`messageKey`, `es`, `catPasive`, `isCat`, `orden`) VALUES ( 'locked', 'Bloqueado','0','0',0);
INSERT INTO `mensajes` (`messageKey`, `es`, `catPasive`, `isCat`, `orden`) VALUES ( 'notenabled', 'Deshabilitado','0','0',0);
INSERT INTO `mensajes` (`messageKey`, `es`, `catPasive`, `isCat`, `orden`) VALUES ( 'notlocked', 'Desbloqueado','0','0',0);
INSERT INTO `mensajes` (`messageKey`, `es`, `catPasive`, `isCat`, `orden`) VALUES ( 'process.errors', 'Han ocurrido errores en el proceso!','0','0',0);
INSERT INTO `mensajes` (`messageKey`, `es`, `catPasive`, `isCat`, `orden`) VALUES ( 'process.success', 'El proceso se ha completado exitosamente!','0','0',0);

INSERT INTO `mensajes` (`messageKey`, `es`, `catPasive`, `isCat`, `orden`) VALUES ( 'userstudies', 'Estudios','0','0',0);

/*Cambio contrasenia*/
INSERT INTO `mensajes` (`messageKey`, `es`, `catPasive`, `isCat`, `orden`) VALUES ( 'changepass', 'Cambiar contraseña..','0','0',0);
INSERT INTO `mensajes` (`messageKey`, `es`, `catPasive`, `isCat`, `orden`) VALUES ( 'credentials.expired', 'Su contrasena ha caducado','0','0',0);
INSERT INTO `mensajes` (`messageKey`, `es`, `catPasive`, `isCat`, `orden`) VALUES ( 'pass.updated', 'Su contrasena ha sido actualizada','0','0',0);
INSERT INTO `mensajes` (`messageKey`, `es`, `catPasive`, `isCat`, `orden`) VALUES ( 'password.repeat', 'Repita la contrasena','0','0',0);
INSERT INTO `mensajes` (`messageKey`, `es`, `catPasive`, `isCat`, `orden`) VALUES ( 'Pattern.password.format', 'Al menos 8 caracteres combinando mayusculas, minusculas, numeros y caracteres especiales','0','0',0);

/* versiones de cartas (SCAN CARTAS)*/
INSERT INTO `mensajes` (`messageKey`, `es`, `catPasive`, `isCat`, `orden`) VALUES ( 'select', 'Seleccione','0','0',0);
INSERT INTO `mensajes` (`messageKey`, `es`, `catPasive`, `isCat`, `orden`) VALUES ( 'validFrom', 'Válido Desde','0','0',0);
INSERT INTO `mensajes` (`messageKey`, `es`, `catPasive`, `isCat`, `orden`) VALUES ( 'validUntil', 'Válido Hasta','0','0',0);
INSERT INTO `mensajes` (`messageKey`, `es`, `catPasive`, `isCat`, `orden`) VALUES ( 'version', 'Versión','0','0',0);
INSERT INTO `mensajes` (`messageKey`, `es`, `catPasive`, `isCat`, `orden`) VALUES ( 'study', 'Estudio','0','0',0);
INSERT INTO `mensajes` (`messageKey`, `es`, `catPasive`, `isCat`, `orden`) VALUES ( 'recordDisabled', 'Registro esta inactivo!','0','0',0);

INSERT INTO `mensajes` (`messageKey`, `catKey`, `catRoot`, `en`, `isCat`, `orden`, `catPasive`, `es`) VALUES ('CAT_VERSION_CARTA', NULL, NULL, NULL, '1', 0, '0', 'Catalogo síntomas de zika SA');
INSERT INTO `mensajes` (`messageKey`, `catKey`, `catRoot`, `en`, `isCat`, `orden`, `catPasive`, `es`) VALUES ('CAT_VERSION_CARTA_01', '1', 'CAT_VERSION_CARTA', NULL, '0', 1, '0', 'Version 1.0');
INSERT INTO `mensajes` (`messageKey`, `catKey`, `catRoot`, `en`, `isCat`, `orden`, `catPasive`, `es`) VALUES ('CAT_VERSION_CARTA_02', '2', 'CAT_VERSION_CARTA', NULL, '0', 2, '0', 'Version 2.0');
INSERT INTO `mensajes` (`messageKey`, `catKey`, `catRoot`, `en`, `isCat`, `orden`, `catPasive`, `es`) VALUES ('CAT_VERSION_CARTA_03', '3', 'CAT_VERSION_CARTA', NULL, '0', 3, '0', 'Version 3.0');
INSERT INTO `mensajes` (`messageKey`, `catKey`, `catRoot`, `en`, `isCat`, `orden`, `catPasive`, `es`) VALUES ('CAT_VERSION_CARTA_04', '4', 'CAT_VERSION_CARTA', NULL, '0', 4, '0', 'Version 4.0');
INSERT INTO `mensajes` (`messageKey`, `catKey`, `catRoot`, `en`, `isCat`, `orden`, `catPasive`, `es`) VALUES ('CAT_VERSION_CARTA_05', '5', 'CAT_VERSION_CARTA', NULL, '0', 5, '0', 'Version 5.0');
INSERT INTO `mensajes` (`messageKey`, `catKey`, `catRoot`, `en`, `isCat`, `orden`, `catPasive`, `es`) VALUES ('CAT_VERSION_CARTA_06', '6', 'CAT_VERSION_CARTA', NULL, '0', 6, '0', 'Version 6.0');
INSERT INTO `mensajes` (`messageKey`, `catKey`, `catRoot`, `en`, `isCat`, `orden`, `catPasive`, `es`) VALUES ('CAT_VERSION_CARTA_07', '7', 'CAT_VERSION_CARTA', NULL, '0', 7, '0', 'Version 7.0');
INSERT INTO `mensajes` (`messageKey`, `catKey`, `catRoot`, `en`, `isCat`, `orden`, `catPasive`, `es`) VALUES ('CAT_VERSION_CARTA_08', '8', 'CAT_VERSION_CARTA', NULL, '0', 8, '0', 'Version 8.0');
INSERT INTO `mensajes` (`messageKey`, `catKey`, `catRoot`, `en`, `isCat`, `orden`, `catPasive`, `es`) VALUES ('CAT_VERSION_CARTA_09', '9', 'CAT_VERSION_CARTA', NULL, '0', 9, '0', 'Version 9.0');
INSERT INTO `mensajes` (`messageKey`, `catKey`, `catRoot`, `en`, `isCat`, `orden`, `catPasive`, `es`) VALUES ('CAT_VERSION_CARTA_10', '10', 'CAT_VERSION_CARTA', NULL, '0', 10, '0', 'Version 10.0');
INSERT INTO `mensajes` (`messageKey`, `catKey`, `catRoot`, `en`, `isCat`, `orden`, `catPasive`, `es`) VALUES ('CAT_VERSION_CARTA_11', '11', 'CAT_VERSION_CARTA', NULL, '0', 11, '0', 'Version 11.0');
INSERT INTO `mensajes` (`messageKey`, `catKey`, `catRoot`, `en`, `isCat`, `orden`, `catPasive`, `es`) VALUES ('CAT_VERSION_CARTA_98', '98', 'CAT_VERSION_CARTA', NULL, '0', 12, '0', 'Marzo 2012');
INSERT INTO `mensajes` (`messageKey`, `catKey`, `catRoot`, `en`, `isCat`, `orden`, `catPasive`, `es`) VALUES ('CAT_VERSION_CARTA_99', '99', 'CAT_VERSION_CARTA', NULL, '0', 13, '0', '-');

/*Monitoreo intensivo*/
INSERT INTO `mensajes` (`messageKey`, `es`, `catPasive`, `isCat`, `orden`) VALUES ( 'participant.code', 'Código Participante','0','0',0);
INSERT INTO `mensajes` (`messageKey`, `es`, `catPasive`, `isCat`, `orden`) VALUES ( 'house', 'Casa','0','0',0);
INSERT INTO `mensajes` (`messageKey`, `es`, `catPasive`, `isCat`, `orden`) VALUES ( 'positive', 'Positivo','0','0',0);
INSERT INTO `mensajes` (`messageKey`, `es`, `catPasive`, `isCat`, `orden`) VALUES ( 'fif', 'FIF','0','0',0);
INSERT INTO `mensajes` (`messageKey`, `es`, `catPasive`, `isCat`, `orden`) VALUES ( 'participant', 'Participante','0','0',0);
INSERT INTO `mensajes` (`messageKey`, `es`, `catPasive`, `isCat`, `orden`) VALUES ( 'age', 'Edad','0','0',0);
INSERT INTO `mensajes` (`messageKey`, `es`, `catPasive`, `isCat`, `orden`) VALUES ( 'cases', 'Casos','0','0',0);
INSERT INTO `mensajes` (`messageKey`, `es`, `catPasive`, `isCat`, `orden`) VALUES ( 'print.selected', 'Imprimir seleccionado','0','0',0);
INSERT INTO `mensajes` (`messageKey`, `es`, `catPasive`, `isCat`, `orden`) VALUES ( 'visit', 'Visita','0','0',0);
INSERT INTO `mensajes` (`messageKey`, `es`, `catPasive`, `isCat`, `orden`) VALUES ( 'label.types', 'Tipos de Etiquetas','0','0',0);

INSERT INTO `mensajes` (`messageKey`, `catKey`, `catRoot`, `en`, `isCat`, `orden`, `catPasive`, `es`) VALUES ('CHF_CAT_VIS_MI', NULL, NULL, NULL, '1', 0, '0', 'Catalogo visitas monitoreo intensivo CHF');
INSERT INTO `mensajes` (`messageKey`, `catKey`, `catRoot`, `en`, `isCat`, `orden`, `catPasive`, `es`) VALUES ('CHF_CAT_VIS_MI_01', '1', 'CHF_CAT_VIS_MI', NULL, '0', 1, '0', 'Visita 1');
INSERT INTO `mensajes` (`messageKey`, `catKey`, `catRoot`, `en`, `isCat`, `orden`, `catPasive`, `es`) VALUES ('CHF_CAT_VIS_MI_02', '2', 'CHF_CAT_VIS_MI', NULL, '0', 2, '0', 'Visita 2');
INSERT INTO `mensajes` (`messageKey`, `catKey`, `catRoot`, `en`, `isCat`, `orden`, `catPasive`, `es`) VALUES ('CHF_CAT_VIS_MI_03', '3', 'CHF_CAT_VIS_MI', NULL, '0', 3, '0', 'Visita 3');
INSERT INTO `mensajes` (`messageKey`, `catKey`, `catRoot`, `en`, `isCat`, `orden`, `catPasive`, `es`) VALUES ('CHF_CAT_VIS_MI_04', '4', 'CHF_CAT_VIS_MI', NULL, '0', 4, '0', 'Visita 4');
INSERT INTO `mensajes` (`messageKey`, `catKey`, `catRoot`, `en`, `isCat`, `orden`, `catPasive`, `es`) VALUES ('CHF_CAT_VIS_MI_05', '5', 'CHF_CAT_VIS_MI', NULL, '0', 5, '0', 'Visita 5');

INSERT INTO `mensajes` (`messageKey`, `catKey`, `catRoot`, `en`, `isCat`, `orden`, `catPasive`, `es`) VALUES ('CHF_CAT_TIP_ETIQ_MI', NULL, NULL, NULL, '1', 0, '0', 'Catalogo tipos de etiquetas monitoreo intensivo CHF');
INSERT INTO `mensajes` (`messageKey`, `catKey`, `catRoot`, `en`, `isCat`, `orden`, `catPasive`, `es`) VALUES ('CHF_CAT_TIP_ETIQ_MI_01', '1', 'CHF_CAT_TIP_ETIQ_MI', NULL, '0', 1, '0', 'BHC');
INSERT INTO `mensajes` (`messageKey`, `catKey`, `catRoot`, `en`, `isCat`, `orden`, `catPasive`, `es`) VALUES ('CHF_CAT_TIP_ETIQ_MI_02', '2', 'CHF_CAT_TIP_ETIQ_MI', NULL, '0', 2, '0', 'PBMC');
INSERT INTO `mensajes` (`messageKey`, `catKey`, `catRoot`, `en`, `isCat`, `orden`, `catPasive`, `es`) VALUES ('CHF_CAT_TIP_ETIQ_MI_03', '3', 'CHF_CAT_TIP_ETIQ_MI', NULL, '0', 3, '0', 'Rojo');
INSERT INTO `mensajes` (`messageKey`, `catKey`, `catRoot`, `en`, `isCat`, `orden`, `catPasive`, `es`) VALUES ('CHF_CAT_TIP_ETIQ_MI_04', '4', 'CHF_CAT_TIP_ETIQ_MI', NULL, '0', 4, '0', 'FLU');

/*Impresión de muestras*/
INSERT INTO `mensajes` (`messageKey`, `es`, `catPasive`, `isCat`, `orden`) VALUES ( 'sample.code', 'Código muestra','0','0',0);
INSERT INTO `mensajes` (`messageKey`, `es`, `catPasive`, `isCat`, `orden`) VALUES ( 'start.date.registration', 'Fecha Inicio de Registro','0','0',0);
INSERT INTO `mensajes` (`messageKey`, `es`, `catPasive`, `isCat`, `orden`) VALUES ( 'end.date.registration', 'Fecha Fin de Registro','0','0',0);
INSERT INTO `mensajes` (`messageKey`, `es`, `catPasive`, `isCat`, `orden`) VALUES ( 'sample.date', 'Fecha Toma','0','0',0);
INSERT INTO `mensajes` (`messageKey`, `es`, `catPasive`, `isCat`, `orden`) VALUES ( 'label.types.to.generate', 'Tipos de Etiquetas a Generar','0','0',0);
INSERT INTO `mensajes` (`messageKey`, `es`, `catPasive`, `isCat`, `orden`) VALUES ( 'enter.parameter', 'Favor ingresar al menos un parámetro de búsqueda','0','0',0);
INSERT INTO `mensajes` (`messageKey`, `es`, `catPasive`, `isCat`, `orden`) VALUES ( 'registered', 'Registrado','0','0',0);
INSERT INTO `mensajes` (`messageKey`, `es`, `catPasive`, `isCat`, `orden`) VALUES ( 'select.sample', 'Seleccione al menos una muestra','0','0',0);